{"accuracy": [0.82337646484375, 0.78157958984375, 0.79576416015625, 0.80557861328125, 0.8133056640625, 0.74017333984375, 0.79852294921875, 0.81207275390625, 0.75784912109375, 0.7523193359375, 0.79498291015625, 0.769677734375, 0.78255615234375, 0.76630859375, 0.8072509765625, 0.81514892578125, 0.80859375, 0.72799072265625, 0.80869140625, 0.79354248046875, 0.80264892578125, 0.77899169921875, 0.80889892578125, 0.79315185546875, 0.79949951171875, 0.82117919921875, 0.79976806640625, 0.789697265625, 0.7801025390625, 0.81181640625, 0.7527099609375, 0.810888671875, 0.79527587890625, 0.7754638671875, 0.799658203125, 0.7901611328125, 0.79852294921875, 0.7951416015625, 0.754736328125, 0.81759033203125], "power": [0.094352269977186, 0.08403806473422, 0.024588965867598, 0.049250711779104006, 0.050376360678528, 0.07760060138228202, 0.05818888881379201, 0.003216550641216, 0.03136437522911, 0.02468478640161, 0.073519921644598, 0.0840296753388015, 0.09426661228903599, 0.1013705, 0.0564654915023815, 0.09438405659773401, 0.07344894365300801, 0.0392709033299, 0.050338923779636, 0.004083048346042, 0.00316394617528, 0.053765910371866, 0.084169536673992, 0.010227335878056002, 0.068823312392934, 0.07120127221880751, 0.062103284355596, 0.0711559285859345, 0.044836891938872005, 0.030070322814493504, 0.09287495264355, 0.096500979280629, 0.033691709432466, 0.0712204474625875, 0.09436329908245401, 0.11190802791113201, 0.05035975035034, 0.034904601533318, 0.094396767679604, 0.103038241456192], "performance": [2.5146659646595633, 2.823297308789487, 9.649224098222616, 3.750305230682298, 4.709836891832673, 2.380203229226165, 3.1742349057578316, 57.42337758754302, 5.8890126345820155, 9.611768080137207, 2.512315000727038, 2.5200974970590706, 2.5169509780675106, 2.089, 3.7503078228065836, 2.5138190765758663, 2.514742797018234, 4.703360155694955, 4.713339582678612, 58.10963326701677, 58.37811131020714, 3.435358961142977, 2.1944424229802495, 18.05995267998459, 2.6837592608949095, 2.9741459372977856, 2.9741615748114065, 2.9760411916240455, 4.119491651022918, 7.0422581029935944, 2.2800870253225005, 2.1944127000430136, 7.042220356185527, 2.9733451844884895, 2.514372052557001, 2.120173560635128, 4.71139035339555, 5.291714956943159, 2.513480576001385, 2.3026833401545965], "area": [0.052236, 0.052236, 0.052236, 0.046336, 0.052236, 0.046336, 0.046336, 0.046336, 0.046336, 0.052236, 0.046336, 0.050961, 0.052236, 0.050961, 0.050961, 0.052236, 0.046336, 0.046336, 0.052236, 0.052236, 0.046336, 0.046336, 0.046336, 0.046336, 0.046336, 0.050961, 0.046336, 0.050961, 0.046336, 0.050961, 0.050961, 0.050961, 0.052236, 0.050961, 0.052236, 0.052236, 0.052236, 0.046336, 0.052236, 0.052236], "hv": [2106.6180021004734, 2115.880732917817, 2173.363323513197, 2177.130866037295, 2178.8050908372443, 2179.183242497098, 2179.208874751333, 2201.025400212322, 2201.131867749443, 2201.1322468477515, 2201.1322468477515, 2201.1448980387545, 2201.1448980387545, 2201.1448980387545, 2202.124932167372, 2202.125759381648, 2202.126083129558, 2202.131301770897, 2202.146376207402, 2202.146437311298, 2202.146437311298, 2202.1932971175856, 2202.195778919747, 2202.460787941178, 2203.5481107027454, 2203.5526417961623, 2204.4674617394703, 2204.4701880861167, 2204.4701880861167, 2204.4812036305407, 2204.6605489012363, 2204.6605489012363, 2204.672611139414, 2204.672611321192, 2204.672611321192, 2204.672611321192, 2204.7058708554823, 2204.7058708554823, 2204.7185943894206, 2204.7185943894206], "param": [{"reram_size": 256, "frequency": 830726637, "hd_dim": 2048, "npe1": 128, "npe2": 128, "f1": 3, "d1": 32, "kron": true}, {"reram_size": 256, "frequency": 739914990, "hd_dim": 2048, "npe1": 128, "npe2": 128, "f1": 3, "d1": 32, "kron": true}, {"reram_size": 256, "frequency": 216494091, "hd_dim": 2048, "npe1": 128, "npe2": 128, "f1": 3, "d1": 32, "kron": true}, {"reram_size": 128, "frequency": 557021328, "hd_dim": 2048, "npe1": 128, "npe2": 128, "f1": 3, "d1": 32, "kron": true}, {"reram_size": 256, "frequency": 443539776, "hd_dim": 2048, "npe1": 128, "npe2": 128, "f1": 3, "d1": 32, "kron": true}, {"reram_size": 128, "frequency": 877656149, "hd_dim": 2048, "npe1": 128, "npe2": 128, "f1": 3, "d1": 32, "kron": true}, {"reram_size": 128, "frequency": 658111344, "hd_dim": 2048, "npe1": 128, "npe2": 128, "f1": 3, "d1": 32, "kron": true}, {"reram_size": 128, "frequency": 36378912, "hd_dim": 2048, "npe1": 128, "npe2": 128, "f1": 3, "d1": 32, "kron": true}, {"reram_size": 128, "frequency": 354728395, "hd_dim": 2048, "npe1": 128, "npe2": 128, "f1": 3, "d1": 32, "kron": true}, {"reram_size": 256, "frequency": 217337745, "hd_dim": 2048, "npe1": 128, "npe2": 128, "f1": 3, "d1": 32, "kron": true}, {"reram_size": 128, "frequency": 831504011, "hd_dim": 2048, "npe1": 128, "npe2": 128, "f1": 3, "d1": 32, "kron": true}, {"reram_size": 64, "frequency": 828936183, "hd_dim": 2048, "npe1": 128, "npe2": 128, "f1": 3, "d1": 32, "kron": true}, {"reram_size": 256, "frequency": 829972462, "hd_dim": 2048, "npe1": 128, "npe2": 128, "f1": 3, "d1": 32, "kron": true}, {"reram_size": 64, "frequency": 1000000000, "hd_dim": 2048, "npe1": 128, "npe2": 128, "f1": 3, "d1": 32, "kron": true}, {"reram_size": 64, "frequency": 557020943, "hd_dim": 2048, "npe1": 128, "npe2": 128, "f1": 3, "d1": 32, "kron": true}, {"reram_size": 256, "frequency": 831006503, "hd_dim": 2048, "npe1": 128, "npe2": 128, "f1": 3, "d1": 32, "kron": true}, {"reram_size": 128, "frequency": 830701256, "hd_dim": 2048, "npe1": 128, "npe2": 128, "f1": 3, "d1": 32, "kron": true}, {"reram_size": 128, "frequency": 444150550, "hd_dim": 2048, "npe1": 128, "npe2": 128, "f1": 3, "d1": 32, "kron": true}, {"reram_size": 256, "frequency": 443210162, "hd_dim": 2048, "npe1": 128, "npe2": 128, "f1": 3, "d1": 32, "kron": true}, {"reram_size": 256, "frequency": 35949289, "hd_dim": 2048, "npe1": 128, "npe2": 128, "f1": 3, "d1": 32, "kron": true}, {"reram_size": 128, "frequency": 35783960, "hd_dim": 2048, "npe1": 128, "npe2": 128, "f1": 3, "d1": 32, "kron": true}, {"reram_size": 128, "frequency": 608087837, "hd_dim": 2048, "npe1": 128, "npe2": 128, "f1": 3, "d1": 32, "kron": true}, {"reram_size": 128, "frequency": 951950244, "hd_dim": 2048, "npe1": 128, "npe2": 128, "f1": 3, "d1": 32, "kron": true}, {"reram_size": 128, "frequency": 115670292, "hd_dim": 2048, "npe1": 128, "npe2": 128, "f1": 3, "d1": 32, "kron": true}, {"reram_size": 128, "frequency": 778385763, "hd_dim": 2048, "npe1": 128, "npe2": 128, "f1": 3, "d1": 32, "kron": true}, {"reram_size": 64, "frequency": 702386515, "hd_dim": 2048, "npe1": 128, "npe2": 128, "f1": 3, "d1": 32, "kron": true}, {"reram_size": 128, "frequency": 702382822, "hd_dim": 2048, "npe1": 128, "npe2": 128, "f1": 3, "d1": 32, "kron": true}, {"reram_size": 64, "frequency": 701939209, "hd_dim": 2048, "npe1": 128, "npe2": 128, "f1": 3, "d1": 32, "kron": true}, {"reram_size": 128, "frequency": 507101404, "hd_dim": 2048, "npe1": 128, "npe2": 128, "f1": 3, "d1": 32, "kron": true}, {"reram_size": 64, "frequency": 296637807, "hd_dim": 2048, "npe1": 128, "npe2": 128, "f1": 3, "d1": 32, "kron": true}, {"reram_size": 64, "frequency": 916193100, "hd_dim": 2048, "npe1": 128, "npe2": 128, "f1": 3, "d1": 32, "kron": true}, {"reram_size": 64, "frequency": 951963138, "hd_dim": 2048, "npe1": 128, "npe2": 128, "f1": 3, "d1": 32, "kron": true}, {"reram_size": 256, "frequency": 296639397, "hd_dim": 2048, "npe1": 128, "npe2": 128, "f1": 3, "d1": 32, "kron": true}, {"reram_size": 64, "frequency": 702575675, "hd_dim": 2048, "npe1": 128, "npe2": 128, "f1": 3, "d1": 32, "kron": true}, {"reram_size": 256, "frequency": 830823743, "hd_dim": 2048, "npe1": 128, "npe2": 128, "f1": 3, "d1": 32, "kron": true}, {"reram_size": 256, "frequency": 985296694, "hd_dim": 2048, "npe1": 128, "npe2": 128, "f1": 3, "d1": 32, "kron": true}, {"reram_size": 256, "frequency": 443393530, "hd_dim": 2048, "npe1": 128, "npe2": 128, "f1": 3, "d1": 32, "kron": true}, {"reram_size": 128, "frequency": 394768051, "hd_dim": 2048, "npe1": 128, "npe2": 128,