{"accuracy": [0.80009765625, 0.62763671875, 0.74598388671875, 0.8075439453125, 0.78973388671875, 0.75089111328125, 0.816064453125, 0.78792724609375, 0.7959716796875, 0.7999267578125, 0.83966064453125, 0.80523681640625, 0.7308837890625, 0.80789794921875, 0.79591064453125, 0.790673828125, 0.83372802734375, 0.81622314453125, 0.7736572265625, 0.8326416015625, 0.819677734375, 0.82655029296875, 0.80408935546875, 0.83094482421875, 0.8296142578125, 0.827490234375, 0.81824951171875, 0.76109619140625, 0.7765869140625, 0.7814453125, 0.807763671875, 0.8066650390625, 0.73946533203125, 0.77640380859375, 0.78985595703125, 0.82076416015625, 0.778564453125, 0.78912353515625, 0.81043701171875, 0.76806640625], "power": [0.020097344114792, 0.1141224282294, 0.12882575595633802, 0.067854679219084, 0.08315384514107399, 0.060769126422872, 0.07691826601275, 0.10580607787990401, 0.165697047926046, 0.034205882257175996, 0.060021126997478004, 0.045707550313858, 0.074456479130992, 0.060566137857386, 0.073709566759814, 0.0564559032246, 0.057615700145054, 0.053295335274962004, 0.06172258562037, 0.05668201769568001, 0.056820633421942005, 0.056903168867452, 0.06748190677334, 0.06135829646186001, 0.055975607593758005, 0.0503482197911, 0.081736234359556, 0.08638499953886399, 0.044562089721964994, 0.05836273568444399, 0.011984104382778, 0.04899397218774801, 0.026395924299366002, 0.07234125288772801, 0.07259471905875, 0.027674588625684, 0.059979747556386, 0.061320458794476, 0.051361369441722, 0.06718460084723], "performance": [49.26114855501375, 0.8097658929429692, 8.655086723324942, 1.9599357263278698, 0.714507499914184, 2.0880008890870485, 5.4625723092919465, 2.5551971249408654, 8.68972846542589, 9.001066810238708, 6.845585788771753, 8.786031087696317, 5.559986865235545, 6.835123728291613, 5.686360460722611, 3.688219266843114, 14.472584311232767, 7.050848935676724, 7.1419572846688775, 13.727762377437454, 6.994963590928863, 13.638136178456206, 11.224878878189246, 13.287056339752985, 7.026785110660615, 16.27464393775536, 1.327333254952135, 0.7724011617315736, 3.0217957874095447, 2.628985571025871, 2.690220059025101, 1.052089710188679, 1.2505419255499548, 2.8832544319312348, 2.7537197277148904, 1.284300716470778, 0.7769135399610169, 6.616350594502544, 15.672296723189014, 13.117923733803602], "area": [0.055043999999999996, 0.08016000000000001, 0.065652, 0.06926800000000001, 0.049116, 0.049895999999999996, 0.04428, 0.06097199999999999, 0.08097599999999999, 0.076077, 0.042876, 0.041471999999999995, 0.043344, 0.043344, 0.044124, 0.04272, 0.043812, 0.037572, 0.0474, 0.039599999999999996, 0.040847999999999995, 0.039444, 0.03804, 0.042407999999999994, 0.040223999999999996, 0.04272, 0.043344, 0.06661600000000001, 0.07099799999999999, 0.036352, 0.025744, 0.036792, 0.026212, 0.041004, 0.041159999999999995, 0.029331999999999997, 0.041344, 0.042095999999999995, 0.041628, 0.0474], "hv": [1775.8803412222019, 1800.930519262664, 1890.2920141365942, 2029.281497948661, 2034.4724405280288, 2034.9842214173807, 2116.8278114137715, 2116.8278114137715, 2116.8278114137715, 2119.088456245861, 2119.088456245861, 2345.175437075737, 2345.838489718849, 2345.8387953089477, 2345.83884384935, 2345.8388715059077, 2345.8915828684108, 2346.222874075501, 2347.294817657291, 2347.294817657291, 2347.420180194309, 2347.4211029564603, 2347.4226492571815, 2347.4226492571815, 2347.4226532034268, 2347.4717233336924, 2347.933067103852, 2349.061244871622, 2349.061244871622, 2349.178533076651, 2349.403422312916, 2362.5283874873417, 2362.7056259530386, 2362.755017793448, 2362.755017793448, 2362.755017793448, 2364.659855839791, 2364.671927769111, 2364.671927769111, 2364.671927769111], "param": [{"hd_dim": 8192, "npe1": 214, "npe2": 60, "reram_size": 256, "f1": 9, "d1": 64, "frequency": 170255876, "kron": true}, {"hd_dim": 512, "npe1": 196, "npe2": 239, "reram_size": 256, "f1": 3, "d1": 64, "frequency": 722431020, "kron": true}, {"hd_dim": 8192, "npe1": 102, "npe2": 240, "reram_size": 256, "f1": 3, "d1": 64, "frequency": 954929773, "kron": true}, {"hd_dim": 1024, "npe1": 161, "npe2": 242, "reram_size": 128, "f1": 3, "d1": 32, "frequency": 543385166, "kron": true}, {"hd_dim": 512, "npe1": 172, "npe2": 64, "reram_size": 256, "f1": 9, "d1": 32, "frequency": 765562293, "kron": true}, {"hd_dim": 1024, "npe1": 223, "npe2": 18, "reram_size": 256, "f1": 9, "d1": 128, "frequency": 553160684, "kron": true}, {"hd_dim": 4096, "npe1": 53, "npe2": 152, "reram_size": 256, "f1": 9, "d1": 64, "frequency": 762095175, "kron": true}, {"hd_dim": 2048, "npe1": 253, "npe2": 59, "reram_size": 256, "f1": 3, "d1": 32, "frequency": 830072944, "kron": true}, {"hd_dim": 8192, "npe1": 217, "npe2": 179, "reram_size": 128, "f1": 9, "d1": 128, "frequency": 957797477, "kron": true}, {"hd_dim": 2048, "npe1": 167, "npe2": 250, "reram_size": 64, "f1": 9, "d1": 128, "frequency": 242082416, "kron": true}, {"hd_dim": 4096, "npe1": 84, "npe2": 112, "reram_size": 256, "f1": 9, "d1": 64, "frequency": 608129111, "kron": true}, {"hd_dim": 4096, "npe1": 77, "npe2": 110, "reram_size": 256, "f1": 9, "d1": 64, "frequency": 473820313, "kron": true}, {"hd_dim": 4096, "npe1": 107, "npe2": 92, "reram_size": 256, "f1": 9, "d1": 64, "frequency": 748742776, "kron": true}, {"hd_dim": 4096, "npe1": 57, "npe2": 142, "reram_size": 256, "f1": 9, "d1": 64, "frequency": 609059933, "kron": true}, {"hd_dim": 4096, "npe1": 76, "npe2": 128, "reram_size": 256, "f1": 9, "d1": 64, "frequency": 732102727, "kron": true}, {"hd_dim": 2048, "npe1": 90, "npe2": 105, "reram_size": 256, "f1": 9, "d1": 64, "frequency": 573447468, "kron": true}, {"hd_dim": 8192, "npe1": 91, "npe2": 111, "reram_size": 256, "f1": 9, "d1": 64, "frequency": 575087339, "kron": true}, {"hd_dim": 4096, "npe1": 71, "npe2": 91, "reram_size": 256, "f1": 9, "d1": 64, "frequency": 590425357, "kron": true}, {"hd_dim": 4096, "npe1": 93, "npe2": 132, "reram_size": 256, "f1": 9, "d1": 64, "frequency": 582893433, "kron": true}, {"hd_dim": 8192, "npe1": 64, "npe2": 111, "reram_size": 256, "f1": 9, "d1": 64, "frequency": 606289632, "kron": true}, {"hd_dim": 4096, "npe1": 74, "npe2": 109, "reram_size": 256, "f1": 9, "d1": 64, "frequency": 595142483, "kron": true}, {"hd_dim": 8192, "npe1": 83, "npe2": 91, "reram_size": 256, "f1": 9, "d1": 64, "frequency": 610274006, "kron": true}, {"hd_dim": 8192, "npe1": 50, "npe2": 115, "reram_size": 256, "f1": 9, "d1": 64, "frequency": 741477934, "kron": true}, {"hd_dim": 8192, "npe1": 84, "npe2": 109, "reram_size": 256, "f1": 9, "d1": 64, "frequency": 626399090, "kron": true}, {"hd_dim": 4096, "npe1": 84, "npe2": 95, "reram_size": 256, "f1": 9, "d1": 64, "frequency": 592447319, "kron": true}, {"hd_dim": 8192, "npe1": 88, "npe2": 107, "reram_size": 256, "f1": 9, "d1": 64, "frequency": 511409038, "kron": true}, {"hd_dim": 1024, "npe1": 46, "npe2": 153, "reram_size": 256, "f1": 9, "d1": 64, "frequency": 821948818, "kron": true}, {"hd_dim": 512, "npe1": 146, "npe2": 240, "reram_size": 128, "f1": 3, "d1": 32, "frequency": 715949208, "kron": true}, {"hd_dim": 1024, "npe1": 162, "npe2": 246, "reram_size": 64, "f1": 3, "d1": 32, "frequency": 352439435, "kron": true}, {"hd_dim": 2048, "npe1": 49, "npe2": 143, "reram_size": 128, "f1": 9, "d1": 64, "frequency": 804492814, "kron": true}, {"hd_dim": 512, "npe1": 40, "npe2": 84, "reram_size": 128, "f1": 9, "d1": 64, "frequency": 215224029, "kron": true}, {"hd_dim": 512, "npe1": 43, "npe2": 114, "reram_size": 256, "f1": 9, "d1": 64, "frequency": 550333298, "kron": true}, {"hd_dim": 512, "npe1": 46, "npe2": 81, "reram_size": 128, "f1": 3, "d1": 64, "frequency": 467797191, "kron": true}, {"hd_dim": 2048, "npe1": 49, "npe2": 135, "reram_size": 256, "f1": 9, "d1": 128, "frequency": 755743224, "kron": true}, {"hd_dim": 2048, "npe1": 48, "npe2": 137, "reram_size": 256, "f1": 9, "d1": 32, "frequency": 756431375, "kron": true}, {"hd_dim": 512, "npe1": 38, "npe2": 109, "reram_size": 128, "f1": 9, "d1": 64, "frequency": 450828994, "kron": true}, {"hd_dim": 512, "npe1": 173, "npe2": 51,