{"accuracy": [0.80009765625, 0.62763671875, 0.74598388671875, 0.8075439453125, 0.78973388671875, 0.75089111328125, 0.816064453125, 0.78792724609375, 0.7959716796875, 0.7999267578125, 0.79730224609375, 0.78983154296875, 0.8370361328125, 0.82705078125, 0.8136962890625, 0.72733154296875, 0.77525634765625, 0.821337890625, 0.79281005859375, 0.76680908203125, 0.8231689453125, 0.80015869140625, 0.81849365234375, 0.8017822265625, 0.841015625, 0.82503662109375, 0.80313720703125, 0.82017822265625, 0.79803466796875, 0.833544921875, 0.8382568359375, 0.774560546875, 0.82398681640625, 0.77933349609375, 0.79375, 0.769921875, 0.8302490234375, 0.623779296875, 0.79852294921875, 0.75958251953125], "power": [0.020097344114792, 0.1141224282294, 0.12882575595633802, 0.067854679219084, 0.08315384514107399, 0.060769126422872, 0.07691826601275, 0.10580607787990401, 0.165697047926046, 0.034205882257175996, 0.060352229654171995, 0.05123225178280001, 0.079156109553612, 0.082082, 0.08293237796936, 0.075299006312806, 0.044555754692007, 0.07608021671478, 0.08721952678186201, 0.07052996600325, 0.085230484572918, 0.08105605227849601, 0.01603277877726, 0.017409136071096, 0.019127303703058, 0.04827122861529, 0.020121145095421997, 0.017228335690658, 0.01887295598754, 0.020740825909109997, 0.020747776311378, 0.019636655922352, 0.022007447597380006, 0.021124994625237998, 0.02179025892741, 0.021507155912457998, 0.00102802, 0.040736442042219996, 0.022336679595429995, 0.009301911244346001], "performance": [49.26114855501375, 0.8097658929429692, 8.655086723324942, 1.9599357263278698, 0.714507499914184, 2.0880008890870485, 5.4625723092919465, 2.5551971249408654, 8.68972846542589, 9.001066810238708, 6.825136376241992, 4.707484867588208, 4.82555173762415, 4.1659999999999995, 9.363198680820275, 2.5180623926474537, 2.939235479350848, 4.861305132535853, 4.355756881714758, 5.4450153851244405, 4.905600902014037, 5.4257224924914675, 6.927976213177854, 13.061653896630405, 6.462269430073324, 2.1446292744081643, 5.81565658639498, 7.689972634549936, 6.625246733079363, 5.807625526960936, 6.123213788955787, 6.250884594880548, 5.863839930958793, 6.190145480263134, 5.961722182042967, 5.8404221604791555, 115.5, 2.830365741821585, 2.6840665258173013, 13.195833283682344], "area": [0.055043999999999996, 0.08016000000000001, 0.065652, 0.06926800000000001, 0.049116, 0.049895999999999996, 0.04428, 0.06097199999999999, 0.08097599999999999, 0.076077, 0.043032, 0.06334, 0.038508, 0.032424, 0.039911999999999996, 0.037104, 0.068814, 0.036636, 0.038196, 0.03882, 0.043968, 0.047243999999999994, 0.05476, 0.058348, 0.058036000000000004, 0.05008, 0.054448, 0.062872, 0.05881600000000001, 0.05632, 0.059908, 0.057568, 0.061, 0.061936000000000005, 0.061468, 0.059128, 0.055384, 0.053512000000000004, 0.055852, 0.057568], "hv": [1775.8803412222019, 1800.930519262664, 1890.2920141365942, 2029.281497948661, 2034.4724405280288, 2034.9842214173807, 2116.8278114137715, 2116.8278114137715, 2116.8278114137715, 2119.088456245861, 2119.088456245861, 2119.3446618953035, 2119.4268894418506, 2319.1898921980037, 2320.7525829272226, 2320.7525829272226, 2320.759148003675, 2320.8623145720435, 2320.9790752005683, 2320.9790752005683, 2320.9808060290943, 2320.9808060290943, 2320.9808060290943, 2331.3296737660908, 2331.3296737660908, 2375.4571240369432, 2376.2065570080276, 2376.2400388775213, 2376.2556885898052, 2376.2558401767824, 2376.2639686343214, 2376.2727986580753, 2376.2729764211945, 2376.2729764211945, 2376.2729764211945, 2376.2729764211945, 2376.2729764211945, 2389.6102978445547, 2389.613169771674, 2389.7517541498396], "param": [{"hd_dim": 8192, "npe1": 214, "npe2": 60, "reram_size": 256, "f1": 9, "d1": 64, "frequency": 170255876, "kron": true}, {"hd_dim": 512, "npe1": 196, "npe2": 239, "reram_size": 256, "f1": 3, "d1": 64, "frequency": 722431020, "kron": true}, {"hd_dim": 8192, "npe1": 102, "npe2": 240, "reram_size": 256, "f1": 3, "d1": 64, "frequency": 954929773, "kron": true}, {"hd_dim": 1024, "npe1": 161, "npe2": 242, "reram_size": 128, "f1": 3, "d1": 32, "frequency": 543385166, "kron": true}, {"hd_dim": 512, "npe1": 172, "npe2": 64, "reram_size": 256, "f1": 9, "d1": 32, "frequency": 765562293, "kron": true}, {"hd_dim": 1024, "npe1": 223, "npe2": 18, "reram_size": 256, "f1": 9, "d1": 128, "frequency": 553160684, "kron": true}, {"hd_dim": 4096, "npe1": 53, "npe2": 152, "reram_size": 256, "f1": 9, "d1": 64, "frequency": 762095175, "kron": true}, {"hd_dim": 2048, "npe1": 253, "npe2": 59, "reram_size": 256, "f1": 3, "d1": 32, "frequency": 830072944, "kron": true}, {"hd_dim": 8192, "npe1": 217, "npe2": 179, "reram_size": 128, "f1": 9, "d1": 128, "frequency": 957797477, "kron": true}, {"hd_dim": 2048, "npe1": 167, "npe2": 250, "reram_size": 64, "f1": 9, "d1": 128, "frequency": 242082416, "kron": true}, {"hd_dim": 4096, "npe1": 84, "npe2": 113, "reram_size": 256, "f1": 9, "d1": 64, "frequency": 609951182, "kron": true}, {"hd_dim": 2048, "npe1": 142, "npe2": 223, "reram_size": 128, "f1": 3, "d1": 32, "frequency": 443761384, "kron": true}, {"hd_dim": 4096, "npe1": 21, "npe2": 147, "reram_size": 256, "f1": 9, "d1": 64, "frequency": 862699278, "kron": true}, {"hd_dim": 4096, "npe1": 8, "npe2": 121, "reram_size": 256, "f1": 9, "d1": 64, "frequency": 1000000000, "kron": true}, {"hd_dim": 8192, "npe1": 8, "npe2": 169, "reram_size": 256, "f1": 9, "d1": 64, "frequency": 882390760, "kron": true}, {"hd_dim": 2048, "npe1": 8, "npe2": 151, "reram_size": 256, "f1": 9, "d1": 64, "frequency": 841122923, "kron": true}, {"hd_dim": 1024, "npe1": 165, "npe2": 229, "reram_size": 64, "f1": 3, "d1": 32, "frequency": 362339121, "kron": true}, {"hd_dim": 4096, "npe1": 8, "npe2": 148, "reram_size": 256, "f1": 9, "d1": 64, "frequency": 856971510, "kron": true}, {"hd_dim": 4096, "npe1": 33, "npe2": 133, "reram_size": 256, "f1": 9, "d1": 64, "frequency": 955746639, "kron": true}, {"hd_dim": 4096, "npe1": 25, "npe2": 145, "reram_size": 256, "f1": 9, "d1": 64, "frequency": 764552477, "kron": true}, {"hd_dim": 4096, "npe1": 46, "npe2": 157, "reram_size": 256, "f1": 9, "d1": 64, "frequency": 848621827, "kron": true}, {"hd_dim": 4096, "npe1": 83, "npe2": 141, "reram_size": 256, "f1": 9, "d1": 64, "frequency": 767271088, "kron": true}, {"hd_dim": 1024, "npe1": 167, "npe2": 143, "reram_size": 128, "f1": 9, "d1": 64, "frequency": 157477446, "kron": true}, {"hd_dim": 2048, "npe1": 165, "npe2": 168, "reram_size": 128, "f1": 9, "d1": 64, "frequency": 161924364, "kron": true}, {"hd_dim": 1024, "npe1": 162, "npe2": 169, "reram_size": 128, "f1": 9, "d1": 128, "frequency": 178729781, "kron": true}, {"hd_dim": 1024, "npe1": 124, "npe2": 156, "reram_size": 128, "f1": 3, "d1": 64, "frequency": 511510317, "kron": true}, {"hd_dim": 1024, "npe1": 156, "npe2": 152, "reram_size": 128, "f1": 9, "d1": 128, "frequency": 198601823, "kron": true}, {"hd_dim": 1024, "npe1": 171, "npe2": 191, "reram_size": 128, "f1": 9, "d1": 128, "frequency": 150195593, "kron": true}, {"hd_dim": 1024, "npe1": 159, "npe2": 177, "reram_size": 128, "f1": 9, "d1": 128, "frequency": 174333130, "kron": true}, {"hd_dim": 1024, "npe1": 165, "npe2": 155, "reram_size": 128, "f1": 9, "d1": 128, "frequency": 198876459, "kron": true}, {"hd_dim": 1024, "npe1": 181, "npe2": 162, "reram_size": 128, "f1": 9, "d1": 128, "frequency": 188626437, "kron": true}, {"hd_dim": 1024, "npe1": 165, "npe2": 163, "reram_size": 128, "f1": 9, "d1": 128, "frequency": 184773848, "kron": true}, {"hd_dim": 1024, "npe1": 191, "npe2": 159, "reram_size": 128, "f1": 9, "d1": 128, "frequency": 196969906, "kron": true}, {"hd_dim": 1024, "npe1": 190, "npe2": 166, "reram_size": 128, "f1": 9, "d1": 128, "frequency": 186586891, "kron": true}, {"hd_dim": 1024, "npe1": 192, "npe2": 161, "reram_size": 128, "f1": 9, "d1": 128, "frequency": 193735965, "kron": true}, {"hd_dim": 1024, "npe1": 181, "npe2": 157, "reram_size": 128, "f1": 9, "d1": 128, "frequency": 197759677, "kron": true}, {"hd_dim": 1024, "npe1": 145, "npe2": 169, "reram_size": 128, "f1": 9, "d1": 128,