{"accuracy": [0.80009765625, 0.62763671875, 0.74598388671875, 0.8075439453125, 0.78973388671875, 0.75089111328125, 0.816064453125, 0.78792724609375, 0.7959716796875, 0.7999267578125, 0.76680908203125, 0.8041015625, 0.82491455078125, 0.8146240234375, 0.78150634765625, 0.79078369140625, 0.7874755859375, 0.688232421875, 0.76600341796875, 0.8012451171875, 0.73466796875, 0.77501220703125, 0.81597900390625, 0.7623046875, 0.77962646484375, 0.79757080078125, 0.7834716796875, 0.81473388671875, 0.74075927734375, 0.8390869140625, 0.80728759765625, 0.77578125, 0.72476806640625, 0.791064453125, 0.80120849609375, 0.775244140625, 0.76094970703125, 0.817822265625, 0.793408203125, 0.82423095703125], "power": [0.020097344114792, 0.1141224282294, 0.12882575595633802, 0.067854679219084, 0.08315384514107399, 0.060769126422872, 0.07691826601275, 0.10580607787990401, 0.165697047926046, 0.034205882257175996, 0.005443264324129501, 0.116085658894542, 0.10179237967382398, 0.0043273173775860005, 0.05161921873495451, 0.124305899864157, 0.006823174320666, 0.057396101153099996, 0.061865193481001994, 0.066991007236788, 0.0831165530161445, 0.057068918860896004, 0.14102345661171198, 0.071096051334181, 0.014649900337494002, 0.005485428197048, 0.034445199170112, 0.03564235145774701, 0.005094847858989999, 0.17661254811641097, 0.008498169669948, 0.070622780449, 0.09758678760709001, 0.06203758005003299, 0.15074314853697, 0.07628691308798001, 0.09006049875467001, 0.01769050329984, 0.12169921089513, 0.1122986486742415], "performance": [49.26114855501375, 0.8097658929429692, 8.655086723324942, 1.9599357263278698, 0.714507499914184, 2.0880008890870485, 5.4625723092919465, 2.5551971249408654, 8.68972846542589, 9.001066810238708, 62.50749738382635, 11.538842840327618, 4.393149329379467, 227.0375570529723, 2.2393077875416605, 9.631101181104981, 281.3277853954398, 1.7023569203658826, 0.7615313126672363, 1.4902189729307105, 0.8401701943346456, 8.761092648674545, 9.64476423057014, 2.1855669841581644, 5.975595463673636, 7.28365636460274, 14.566125268201448, 15.252426797498499, 15.878943638571718, 9.33785234734834, 17.416678149343852, 5.716678633058785, 5.74212251207753, 0.7551688422117149, 9.438976754894044, 2.631658293323085, 2.2829004151982764, 62.30357493616186, 9.684150269598518, 2.357575363778421], "area": [0.055043999999999996, 0.08016000000000001, 0.065652, 0.06926800000000001, 0.049116, 0.049895999999999996, 0.04428, 0.06097199999999999, 0.08097599999999999, 0.076077, 0.089649, 0.082812, 0.045207000000000004, 0.055043999999999996, 0.021477, 0.047046000000000004, 0.103518, 0.04384, 0.044308, 0.045088, 0.06404699999999999, 0.054099, 0.075672, 0.031929, 0.066432, 0.036664, 0.056604, 0.059559, 0.024624, 0.082926, 0.024155999999999997, 0.04244, 0.06534, 0.046106999999999995, 0.06561, 0.046905, 0.04194, 0.064092, 0.069864, 0.065937], "hv": [1775.8803412222019, 1800.930519262664, 1890.2920141365942, 2029.281497948661, 2034.4724405280288, 2034.9842214173807, 2116.8278114137715, 2116.8278114137715, 2116.8278114137715, 2119.088456245861, 2129.6867974114753, 2129.6867974114753, 2212.743563753609, 2217.3765891244866, 2221.5410133169407, 2221.5410133169407, 2221.5410133169407, 2221.5489518187146, 2221.5888591515795, 2221.7008655777313, 2221.7008655777313, 2221.7008655777313, 2221.7008655777313, 2221.7010695695244, 2223.5530518721234, 2225.5533050757645, 2225.5533050757645, 2226.6952345324657, 2226.839669243366, 2352.583691182386, 2353.4595915554323, 2353.4595915554323, 2353.4595915554323, 2353.4857559927573, 2353.4857559927573, 2353.4857559927573, 2353.4857559927573, 2354.69554632277, 2354.69554632277, 2355.3326067378125], "param": [{"hd_dim": 8192, "npe1": 214, "npe2": 60, "reram_size": 256, "f1": 9, "d1": 64, "frequency": 170255876, "kron": true}, {"hd_dim": 512, "npe1": 196, "npe2": 239, "reram_size": 256, "f1": 3, "d1": 64, "frequency": 722431020, "kron": true}, {"hd_dim": 8192, "npe1": 102, "npe2": 240, "reram_size": 256, "f1": 3, "d1": 64, "frequency": 954929773, "kron": true}, {"hd_dim": 1024, "npe1": 161, "npe2": 242, "reram_size": 128, "f1": 3, "d1": 32, "frequency": 543385166, "kron": true}, {"hd_dim": 512, "npe1": 172, "npe2": 64, "reram_size": 256, "f1": 9, "d1": 32, "frequency": 765562293, "kron": true}, {"hd_dim": 1024, "npe1": 223, "npe2": 18, "reram_size": 256, "f1": 9, "d1": 128, "frequency": 553160684, "kron": true}, {"hd_dim": 4096, "npe1": 53, "npe2": 152, "reram_size": 256, "f1": 9, "d1": 64, "frequency": 762095175, "kron": true}, {"hd_dim": 2048, "npe1": 253, "npe2": 59, "reram_size": 256, "f1": 3, "d1": 32, "frequency": 830072944, "kron": true}, {"hd_dim": 8192, "npe1": 217, "npe2": 179, "reram_size": 128, "f1": 9, "d1": 128, "frequency": 957797477, "kron": true}, {"hd_dim": 2048, "npe1": 167, "npe2": 250, "reram_size": 64, "f1": 9, "d1": 128, "frequency": 242082416, "kron": true}, {"hd_dim": 2048, "npe1": 249, "npe2": 255, "reram_size": 64, "f1": 3, "d1": 32, "frequency": 33419991, "kron": true}, {"hd_dim": 8192, "npe1": 242, "npe2": 210, "reram_size": 256, "f1": 9, "d1": 32, "frequency": 715756347, "kron": true}, {"hd_dim": 4096, "npe1": 46, "npe2": 126, "reram_size": 64, "f1": 9, "d1": 128, "frequency": 962179904, "kron": true}, {"hd_dim": 8192, "npe1": 27, "npe2": 247, "reram_size": 256, "f1": 9, "d1": 128, "frequency": 36659133, "kron": true}, {"hd_dim": 2048, "npe1": 14, "npe2": 53, "reram_size": 64, "f1": 3, "d1": 64, "frequency": 947167697, "kron": true}, {"hd_dim": 8192, "npe1": 21, "npe2": 45, "reram_size": 64, "f1": 3, "d1": 64, "frequency": 871447599, "kron": true}, {"hd_dim": 8192, "npe1": 213, "npe2": 215, "reram_size": 64, "f1": 9, "d1": 32, "frequency": 29357214, "kron": true}, {"hd_dim": 512, "npe1": 20, "npe2": 220, "reram_size": 128, "f1": 3, "d1": 128, "frequency": 679645958, "kron": true}, {"hd_dim": 512, "npe1": 117, "npe2": 126, "reram_size": 128, "f1": 3, "d1": 32, "frequency": 726168433, "kron": true}, {"hd_dim": 1024, "npe1": 78, "npe2": 170, "reram_size": 128, "f1": 9, "d1": 128, "frequency": 775053882, "kron": true}, {"hd_dim": 512, "npe1": 138, "npe2": 249, "reram_size": 64, "f1": 9, "d1": 128, "frequency": 765321127, "kron": true}, {"hd_dim": 4096, "npe1": 132, "npe2": 97, "reram_size": 64, "f1": 3, "d1": 32, "frequency": 475853888, "kron": true}, {"hd_dim": 8192, "npe1": 132, "npe2": 230, "reram_size": 128, "f1": 3, "d1": 32, "frequency": 856941632, "kron": true}, {"hd_dim": 2048, "npe1": 79, "npe2": 55, "reram_size": 64, "f1": 3, "d1": 128, "frequency": 999740578, "kron": true}, {"hd_dim": 512, "npe1": 228, "npe2": 119, "reram_size": 256, "f1": 9, "d1": 128, "frequency": 107604339, "kron": true}, {"hd_dim": 512, "npe1": 137, "npe2": 57, "reram_size": 128, "f1": 9, "d1": 32, "frequency": 75099644, "kron": true}, {"hd_dim": 4096, "npe1": 205, "npe2": 79, "reram_size": 256, "f1": 9, "d1": 64, "frequency": 285800096, "kron": true}, {"hd_dim": 4096, "npe1": 113, "npe2": 151, "reram_size": 64, "f1": 9, "d1": 128, "frequency": 277136226, "kron": true}, {"hd_dim": 1024, "npe1": 65, "npe2": 14, "reram_size": 256, "f1": 3, "d1": 64, "frequency": 73115695, "kron": true}, {"hd_dim": 8192, "npe1": 44, "npe2": 252, "reram_size": 64, "f1": 9, "d1": 64, "frequency": 884464617, "kron": true}, {"hd_dim": 2048, "npe1": 51, "npe2": 25, "reram_size": 256, "f1": 9, "d1": 32, "frequency": 123272646, "kron": true}, {"hd_dim": 4096, "npe1": 112, "npe2": 78, "reram_size": 128, "f1": 9, "d1": 64, "frequency": 728220050, "kron": true}, {"hd_dim": 4096, "npe1": 243, "npe2": 97, "reram_size": 256, "f1": 3, "d1": 64, "frequency": 726038149, "kron": true}, {"hd_dim": 512, "npe1": 155, "npe2": 117, "reram_size": 64, "f1": 3, "d1": 64, "frequency": 774661198, "kron": true}, {"hd_dim": 8192, "npe1": 25, "npe2": 160, "reram_size": 64, "f1": 3, "d1": 32, "frequency": 875624574, "kron": true}, {"hd_dim": 2048, "npe1": 82, "npe2": 148, "reram_size": 64, "f1": 9, "d1": 64, "frequency": 803675768, "kron": true}, {"hd_dim": 2048, "npe1": 48, "npe2": 142, "reram_size": 256, "f1": 9,