{"accuracy": [0.712046148625721, 0.7789616559212759, 0.7448252460128945, 0.5440787241262302, 0.6222599253478113, 0.7984390906107236, 0.43189684424838815, 0.7734645402103835, 0.7085850016966406, 0.6972514421445537, 0.7667458432304038, 0.5691890057685782, 0.6824567356633866, 0.7532405836443842, 0.6739056667898888, 0.7643026807023421, 0.8221241940956906, 0.7955887343262995, 0.6795385137427893, 0.7187648456158136, 0.7916525279945708, 0.80508992195453, 0.7509331523583306, 0.7398031896844248, 0.765252799457075, 0.7761112996267391, 0.415609093993892, 0.7586698337393291, 0.6692908042076688, 0.5384458771632168, 0.7513403461146929, 0.6765524261961317, 0.7248048863351892, 0.8098405157989836, 0.7279945707701406, 0.6766202918424176, 0.781540549711571, 0.8441805225653207, 0.5193756362402443, 0.6939938920936546], "power": [0.020097344114792, 0.024188558947245, 0.042323363747998, 0.062133001176434006, 0.013936924597344002, 0.004111994757794, 0.11498821417875, 0.010428266042272, 0.076210859241228, 0.018978776775369, 0.007378846458848001, 0.008214212926556, 0.018278829371264, 0.028117464820527995, 0.0167885571413375, 0.02975909477678, 0.027200621713320005, 0.0061291064601899994, 0.00100434, 0.00118042, 0.007930658539386, 0.023406448272606, 0.025275249299432, 0.029765460942102, 0.0285895604588175, 0.025390691800565003, 0.031118081889937, 0.024724561719146998, 0.023935090585834998, 0.023752656408163, 0.029708472190050003, 0.022411271865458004, 0.026757222569185002, 0.028940638153643998, 0.02614880437503, 0.020623031263130996, 0.047561082548476, 0.022968065260305003, 0.026689305749349503, 0.065803144785066], "performance": [49.34337772870759, 3.4258946628748355, 5.325875593020708, 7.532411200788879, 14.146869822168235, 152.07991810171671, 4.513556051868079, 27.35609667451934, 12.487583363778189, 25.560917583982068, 33.570778221434026, 24.55964312147231, 15.35550905908974, 4.915864779497728, 5.771062914122542, 6.663144964164643, 3.0800313273344773, 110.22447307581233, 327.3, 141.7, 77.8673330762026, 3.283713193255127, 18.46419239910277, 2.975550728822189, 6.422284202811922, 3.110939064615889, 2.888968520552409, 3.2700932747935236, 1.5166396538095077, 3.0566012387165657, 6.446987959352131, 3.488895385741736, 3.1012357424407933, 11.049475561054125, 23.484754147551556, 3.005389203419659, 6.727952789423069, 3.3507179698329557, 6.679034560662737, 4.338933084924501], "area": [0.055043999999999996, 0.039330000000000004, 0.045683999999999995, 0.050207999999999996, 0.047272, 0.041004, 0.05832, 0.062844, 0.051612, 0.046074000000000004, 0.052236, 0.038976, 0.061596, 0.031998, 0.032691, 0.045344999999999996, 0.040578, 0.04584, 0.043968, 0.055044, 0.072516, 0.036522, 0.050207999999999996, 0.043386, 0.041445, 0.037770000000000005, 0.044166000000000004, 0.038862, 0.036434999999999995, 0.034026, 0.043785, 0.037302, 0.04011, 0.072516, 0.072048, 0.032067, 0.072828, 0.036834, 0.040820999999999996, 0.06268800000000001], "hv": [994.2357945092648, 1751.0073303272566, 1751.0073303272566, 1751.0073303272566, 1751.7026544979365, 1896.7893095281163, 1896.7893095281163, 1899.0898147166342, 1899.0898147166342, 1899.0973848708873, 1899.0973848708873, 1899.6988880626325, 1899.6988880626325, 1899.73572191646, 1900.8325948095803, 1900.8957414445729, 1900.8957414445729, 2190.386990786588, 2190.6738057568145, 2191.098805686426, 2191.9636811378614, 2192.076336304563, 2192.469088608125, 2192.469088608125, 2192.755626677747, 2192.755626677747, 2192.756343870365, 2192.756343870365, 2192.7563582099597, 2194.747491933955, 2194.747491933955, 2194.747491933955, 2194.749482531052, 2194.749485407274, 2194.749485407274, 2194.749485407274, 2194.755782795381, 2194.755782795381, 2410.9804582693537, 2410.9804582693537], "param": [{"hd_dim": 8192, "npe1": 214, "npe2": 60, "reram_size": 256, "f1": 33, "d1": 64, "frequency": 170255876, "kron": true}, {"hd_dim": 1024, "npe1": 149, "npe2": 56, "reram_size": 64, "f1": 17, "d1": 32, "frequency": 317873171, "kron": true}, {"hd_dim": 1024, "npe1": 124, "npe2": 90, "reram_size": 256, "f1": 33, "d1": 128, "frequency": 410261179, "kron": true}, {"hd_dim": 4096, "npe1": 58, "npe2": 185, "reram_size": 256, "f1": 33, "d1": 128, "frequency": 563033521, "kron": true}, {"hd_dim": 2048, "npe1": 154, "npe2": 108, "reram_size": 128, "f1": 33, "d1": 128, "frequency": 155016624, "kron": true}, {"hd_dim": 512, "npe1": 106, "npe2": 78, "reram_size": 256, "f1": 11, "d1": 128, "frequency": 42957677, "kron": true}, {"hd_dim": 4096, "npe1": 122, "npe2": 173, "reram_size": 256, "f1": 11, "d1": 64, "frequency": 932967255, "kron": true}, {"hd_dim": 2048, "npe1": 140, "npe2": 184, "reram_size": 256, "f1": 51, "d1": 128, "frequency": 79945616, "kron": true}, {"hd_dim": 512, "npe1": 12, "npe2": 240, "reram_size": 256, "f1": 17, "d1": 128, "frequency": 676912398, "kron": true}, {"hd_dim": 4096, "npe1": 19, "npe2": 135, "reram_size": 64, "f1": 17, "d1": 128, "frequency": 166543317, "kron": true}, {"hd_dim": 512, "npe1": 124, "npe2": 132, "reram_size": 256, "f1": 33, "d1": 128, "frequency": 64967216, "kron": true}, {"hd_dim": 512, "npe1": 110, "npe2": 61, "reram_size": 256, "f1": 33, "d1": 128, "frequency": 88804222, "kron": true}, {"hd_dim": 1024, "npe1": 146, "npe2": 170, "reram_size": 256, "f1": 33, "d1": 128, "frequency": 142294208, "kron": true}, {"hd_dim": 1024, "npe1": 129, "npe2": 29, "reram_size": 64, "f1": 17, "d1": 32, "frequency": 436342352, "kron": true}, {"hd_dim": 512, "npe1": 121, "npe2": 65, "reram_size": 64, "f1": 11, "d1": 32, "frequency": 285735925, "kron": true}, {"hd_dim": 2048, "npe1": 171, "npe2": 49, "reram_size": 64, "f1": 17, "d1": 32, "frequency": 321920056, "kron": true}, {"hd_dim": 1024, "npe1": 158, "npe2": 55, "reram_size": 64, "f1": 33, "d1": 32, "frequency": 348373080, "kron": true}, {"hd_dim": 512, "npe1": 108, "npe2": 107, "reram_size": 256, "f1": 11, "d1": 128, "frequency": 59269959, "kron": true}, {"hd_dim": 512, "npe1": 111, "npe2": 92, "reram_size": 256, "f1": 11, "d1": 64, "frequency": 10000000, "kron": true}, {"hd_dim": 1024, "npe1": 112, "npe2": 162, "reram_size": 256, "f1": 51, "d1": 128, "frequency": 10000000, "kron": true}, {"hd_dim": 4096, "npe1": 187, "npe2": 199, "reram_size": 256, "f1": 51, "d1": 128, "frequency": 54387377, "kron": true}, {"hd_dim": 1024, "npe1": 128, "npe2": 59, "reram_size": 64, "f1": 33, "d1": 32, "frequency": 326764226, "kron": true}, {"hd_dim": 512, "npe1": 124, "npe2": 119, "reram_size": 256, "f1": 17, "d1": 128, "frequency": 229037908, "kron": true}, {"hd_dim": 1024, "npe1": 176, "npe2": 55, "reram_size": 64, "f1": 33, "d1": 32, "frequency": 360605514, "kron": true}, {"hd_dim": 2048, "npe1": 146, "npe2": 49, "reram_size": 64, "f1": 33, "d1": 32, "frequency": 331501991, "kron": true}, {"hd_dim": 1024, "npe1": 145, "npe2": 50, "reram_size": 64, "f1": 33, "d1": 32, "frequency": 344911931, "kron": true}, {"hd_dim": 1024, "npe1": 158, "npe2": 78, "reram_size": 64, "f1": 33, "d1": 32, "frequency": 371412839, "kron": true}, {"hd_dim": 1024, "npe1": 146, "npe2": 56, "reram_size": 64, "f1": 33, "d1": 32, "frequency": 328125197, "kron": true}, {"hd_dim": 512, "npe1": 161, "npe2": 49, "reram_size": 64, "f1": 33, "d1": 32, "frequency": 369896698, "kron": true}, {"hd_dim": 1024, "npe1": 117, "npe2": 54, "reram_size": 64, "f1": 33, "d1": 32, "frequency": 351043501, "kron": true}, {"hd_dim": 2048, "npe1": 158, "npe2": 52, "reram_size": 64, "f1": 33, "d1": 32, "frequency": 330231732, "kron": true}, {"hd_dim": 1024, "npe1": 133, "npe2": 59, "reram_size": 64, "f1": 33, "d1": 32, "frequency": 307547198, "kron": true}, {"hd_dim": 1024, "npe1": 155, "npe2": 55, "reram_size": 64, "f1": 33, "d1": 32, "frequency": 345991111, "kron": true}, {"hd_dim": 2048, "npe1": 187, "npe2": 199, "reram_size": 256, "f1": 33, "d1": 128, "frequency": 198470958, "kron": true}, {"hd_dim": 1024, "npe1": 187, "npe2": 196, "reram_size": 256, "f1": 17, "d1": 128, "frequency": 180244595, "kron": true}, {"hd_dim": 512, "npe1": 127, "npe2": 55, "reram_size": 64, "f1": 17, "d1": 32,