{"accuracy": [0.712046148625721, 0.7789616559212759, 0.7448252460128945, 0.5440787241262302, 0.6222599253478113, 0.7984390906107236, 0.43189684424838815, 0.7734645402103835, 0.7085850016966406, 0.6972514421445537, 0.7667458432304038, 0.5691890057685782, 0.6824567356633865, 0.7533084492704445, 0.6738378011638284, 0.7642348150762817, 0.822192059721751, 0.7956565999523599, 0.7896844248388192, 0.498812351543943, 0.7395317271882734, 0.7331523583507311, 0.6884967763827621, 0.8229385816084154, 0.6504920257889379, 0.7613844587776998, 0.5163216830675262, 0.8616219884830691, 0.5600950118764845, 0.6694944010858499, 0.7144893111638955, 0.8103155751814064, 0.6352901255514082, 0.7906345436238903, 0.7404139803391939, 0.808551068903836, 0.5860196810315575, 0.7341703427214117, 0.5215473362741772, 0.6952833389888022], "power": [0.020097344114792, 0.024188558947245, 0.042323363747998, 0.062133001176434006, 0.013936924597344002, 0.004111994757794, 0.11498821417875, 0.010428266042272, 0.076210859241228, 0.018978776775369, 0.007378846458848001, 0.008214212926556, 0.018279907005425998, 0.028096520663430997, 0.0167860134982315, 0.029775584300160005, 0.027211299328886003, 0.006111160895609999, 0.00115562, 0.021615933508028998, 0.031873026720759, 0.024359802297494997, 0.027935290715358, 0.03069815591779, 0.035114950524608494, 0.029438788350677998, 0.023524087279489504, 0.029842528171587997, 0.003346319338, 0.023475100796091004, 0.031025155222509, 0.029752214285128007, 0.028574620047952002, 0.029582944448184, 0.031086460101645, 0.029664503254142, 0.00130442, 0.0009040200000000002, 0.0010217, 0.0938390053776], "performance": [49.34337772870759, 3.4258946628748355, 5.325875593020708, 7.532411200788879, 14.146869822168235, 152.07991810171671, 4.513556051868079, 27.35609667451934, 12.487583363778189, 25.560917583982068, 33.570778221434026, 24.55964312147231, 15.354603823569011, 4.9195292419214836, 5.7719374233916625, 6.659454958166329, 3.078822734167094, 110.54814977712441, 141.7, 3.555713333937263, 2.578422931715943, 3.614004330776243, 3.034081866683513, 2.512403911379717, 5.514520954950397, 2.800667134050072, 1.2829095191426667, 2.4686733837161943, 155.76046316951954, 6.365694115566204, 2.418735843924374, 4.752466140669021, 4.9295655642530845, 4.797775260288966, 4.427808587723897, 2.7703866232287258, 423.5, 218.5, 421.09999999999997, 4.808054222063402], "area": [0.055043999999999996, 0.039330000000000004, 0.045683999999999995, 0.050207999999999996, 0.047272, 0.041004, 0.05832, 0.062844, 0.051612, 0.046074000000000004, 0.052236, 0.038976, 0.061596, 0.031998, 0.032691, 0.045344999999999996, 0.040578, 0.04584, 0.053484, 0.036522, 0.039642000000000004, 0.043074, 0.040422, 0.036678, 0.044409, 0.039798, 0.029571000000000004, 0.033402, 0.05832, 0.034962, 0.034182000000000004, 0.032622, 0.032466, 0.032778, 0.031529999999999996, 0.039642000000000004, 0.062844, 0.047584, 0.045059999999999996, 0.047712], "hv": [994.2357945092648, 1751.0073303272566, 1751.0073303272566, 1751.0073303272566, 1751.7026544979365, 1896.7893095281163, 1896.7893095281163, 1899.0898147166342, 1899.0898147166342, 1899.0973848708873, 1899.0973848708873, 1899.698888062633, 1899.698888062633, 1899.7357173790374, 1900.8330795771183, 1900.8961907058124, 1900.8961907058124, 2191.053748791063, 2191.3404622238218, 2193.378135541682, 2193.378135541682, 2194.746955935752, 2194.746955935752, 2194.747111236001, 2203.3676590585524, 2203.3676590585524, 2203.3681725255024, 2203.3681725255024, 2581.703562147789, 2581.703562147789, 2581.703562147789, 2581.8157498374535, 2581.859193806143, 2581.859193806143, 2581.859215547707, 2581.923489833775, 2581.9235250357847, 2581.9235250357847, 2582.0187583318675, 2582.0187583318675], "param": [{"hd_dim": 8192, "npe1": 214, "npe2": 60, "reram_size": 256, "f1": 33, "d1": 64, "frequency": 170255876, "kron": true}, {"hd_dim": 1024, "npe1": 149, "npe2": 56, "reram_size": 64, "f1": 17, "d1": 32, "frequency": 317873171, "kron": true}, {"hd_dim": 1024, "npe1": 124, "npe2": 90, "reram_size": 256, "f1": 33, "d1": 128, "frequency": 410261179, "kron": true}, {"hd_dim": 4096, "npe1": 58, "npe2": 185, "reram_size": 256, "f1": 33, "d1": 128, "frequency": 563033521, "kron": true}, {"hd_dim": 2048, "npe1": 154, "npe2": 108, "reram_size": 128, "f1": 33, "d1": 128, "frequency": 155016624, "kron": true}, {"hd_dim": 512, "npe1": 106, "npe2": 78, "reram_size": 256, "f1": 11, "d1": 128, "frequency": 42957677, "kron": true}, {"hd_dim": 4096, "npe1": 122, "npe2": 173, "reram_size": 256, "f1": 11, "d1": 64, "frequency": 932967255, "kron": true}, {"hd_dim": 2048, "npe1": 140, "npe2": 184, "reram_size": 256, "f1": 51, "d1": 128, "frequency": 79945616, "kron": true}, {"hd_dim": 512, "npe1": 12, "npe2": 240, "reram_size": 256, "f1": 17, "d1": 128, "frequency": 676912398, "kron": true}, {"hd_dim": 4096, "npe1": 19, "npe2": 135, "reram_size": 64, "f1": 17, "d1": 128, "frequency": 166543317, "kron": true}, {"hd_dim": 512, "npe1": 124, "npe2": 132, "reram_size": 256, "f1": 33, "d1": 128, "frequency": 64967216, "kron": true}, {"hd_dim": 512, "npe1": 110, "npe2": 61, "reram_size": 256, "f1": 33, "d1": 128, "frequency": 88804222, "kron": true}, {"hd_dim": 1024, "npe1": 146, "npe2": 170, "reram_size": 256, "f1": 33, "d1": 128, "frequency": 142302597, "kron": true}, {"hd_dim": 1024, "npe1": 129, "npe2": 29, "reram_size": 64, "f1": 17, "d1": 32, "frequency": 436017329, "kron": true}, {"hd_dim": 512, "npe1": 121, "npe2": 65, "reram_size": 64, "f1": 11, "d1": 32, "frequency": 285692633, "kron": true}, {"hd_dim": 2048, "npe1": 171, "npe2": 49, "reram_size": 64, "f1": 17, "d1": 32, "frequency": 322098432, "kron": true}, {"hd_dim": 1024, "npe1": 158, "npe2": 55, "reram_size": 64, "f1": 33, "d1": 32, "frequency": 348509834, "kron": true}, {"hd_dim": 512, "npe1": 108, "npe2": 107, "reram_size": 256, "f1": 11, "d1": 128, "frequency": 59096421, "kron": true}, {"hd_dim": 1024, "npe1": 102, "npe2": 162, "reram_size": 256, "f1": 51, "d1": 128, "frequency": 10000000, "kron": true}, {"hd_dim": 1024, "npe1": 128, "npe2": 59, "reram_size": 64, "f1": 33, "d1": 32, "frequency": 301767859, "kron": true}, {"hd_dim": 1024, "npe1": 165, "npe2": 42, "reram_size": 64, "f1": 33, "d1": 32, "frequency": 416145849, "kron": true}, {"hd_dim": 1024, "npe1": 163, "npe2": 66, "reram_size": 64, "f1": 33, "d1": 32, "frequency": 296900585, "kron": true}, {"hd_dim": 1024, "npe1": 159, "npe2": 53, "reram_size": 64, "f1": 17, "d1": 32, "frequency": 358922418, "kron": true}, {"hd_dim": 1024, "npe1": 154, "npe2": 34, "reram_size": 64, "f1": 33, "d1": 32, "frequency": 427081010, "kron": true}, {"hd_dim": 2048, "npe1": 155, "npe2": 59, "reram_size": 64, "f1": 33, "d1": 32, "frequency": 386071613, "kron": true}, {"hd_dim": 1024, "npe1": 155, "npe2": 53, "reram_size": 64, "f1": 33, "d1": 32, "frequency": 383123002, "kron": true}, {"hd_dim": 512, "npe1": 146, "npe2": 20, "reram_size": 64, "f1": 33, "d1": 32, "frequency": 437287269, "kron": true}, {"hd_dim": 1024, "npe1": 148, "npe2": 19, "reram_size": 64, "f1": 33, "d1": 32, "frequency": 447608828, "kron": true}, {"hd_dim": 512, "npe1": 121, "npe2": 174, "reram_size": 256, "f1": 17, "d1": 128, "frequency": 27150664, "kron": true}, {"hd_dim": 1024, "npe1": 162, "npe2": 15, "reram_size": 64, "f1": 33, "d1": 32, "frequency": 339475941, "kron": true}, {"hd_dim": 1024, "npe1": 145, "npe2": 27, "reram_size": 64, "f1": 33, "d1": 32, "frequency": 456850219, "kron": true}, {"hd_dim": 1024, "npe1": 150, "npe2": 12, "reram_size": 64, "f1": 33, "d1": 32, "frequency": 454711288, "kron": true}, {"hd_dim": 1024, "npe1": 150, "npe2": 11, "reram_size": 64, "f1": 33, "d1": 32, "frequency": 438375344, "kron": true}, {"hd_dim": 1024, "npe1": 151, "npe2": 12, "reram_size": 64, "f1": 33, "d1": 32, "frequency": 450417096, "kron": true}, {"hd_dim": 1024, "npe1": 143, "npe2": 12, "reram_size": 64, "f1": 33, "d1": 32, "frequency": 488051811, "kron": true}, {"hd_dim": 1024, "npe1": 152, "npe2": 55, "reram_size": 64, "f1": 33, "d1": 32,