{"accuracy": [0.712046148625721, 0.7789616559212759, 0.7448252460128945, 0.5440787241262302, 0.6222599253478113, 0.7984390906107236, 0.43189684424838815, 0.7734645402103835, 0.7085850016966406, 0.6972514421445537, 0.8730234136511037, 0.6226671191041737, 0.678995588734306, 0.8644044791515455, 0.5693926026467594, 0.6549032914828639, 0.7052595860297938, 0.7721750933253486, 0.7643705463284026, 0.7313199864268748, 0.6862572107227689, 0.7474720054292501, 0.7827621309806583, 0.8082117407735341, 0.72371903630811, 0.6561248727519511, 0.36219884628435695, 0.6481167288768239, 0.5006447234475737, 0.7999321343941651, 0.4447234475738039, 0.7559552086868002, 0.6304716661011198, 0.4857821513403461, 0.8445877163216832, 0.8371224974752647, 0.7261621988665099, 0.6851713607058025, 0.8049541907226347, 0.6356294536817103], "power": [0.020097344114792, 0.024188558947245, 0.042323363747998, 0.062133001176434006, 0.013936924597344002, 0.004111994757794, 0.11498821417875, 0.010428266042272, 0.076210859241228, 0.018978776775369, 0.007091116017686, 0.00111346, 0.011303679203484001, 0.00647678783304, 0.00626436343617, 0.0051046553961359995, 0.00595910657892, 0.006670106424054, 0.023792599077485006, 0.021956024996950006, 0.02943429784825, 0.025426043365566003, 0.026285207317103, 0.035030790505476, 0.025961380069218, 0.031729668931812005, 0.037423567043078004, 0.005391972717976, 0.022102912384098002, 0.0077951591432980005, 0.005571142620362, 0.025903922915675996, 0.036210332355995994, 0.025507158536205, 0.02317153686468, 0.033015492154848, 0.007127188502884, 0.022244410695076003, 0.022748293233710002, 0.0328952700461], "performance": [49.34337772870759, 3.4258946628748355, 5.325875593020708, 7.532411200788879, 14.146869822168235, 152.07991810171671, 4.513556051868079, 27.35609667451934, 12.487583363778189, 25.560917583982068, 34.93295235646629, 141.29999999999998, 21.770872082441112, 74.87890949986054, 37.36677355730094, 49.79851807282064, 79.54692599002159, 71.74233266718353, 6.587188498809723, 3.6299983722495988, 5.808742266639981, 3.121072274558888, 6.997328964581713, 6.855146073922061, 3.4950860762439104, 6.7454057103449685, 6.99496939184527, 46.14181247070386, 22.27413697546045, 32.610530372372935, 44.94913791737186, 3.4503259715119325, 13.306297585534738, 3.4076133912222075, 3.436396621640299, 5.189871990893206, 34.452584760546, 3.458211235824208, 3.3816106645753057, 5.231813867428764], "area": [0.055043999999999996, 0.039330000000000004, 0.045683999999999995, 0.050207999999999996, 0.047272, 0.041004, 0.05832, 0.062844, 0.051612, 0.046074000000000004, 0.052236, 0.050831999999999995, 0.051768, 0.05286, 0.04818, 0.054107999999999996, 0.0513, 0.051768, 0.03777, 0.036834, 0.03994, 0.037302, 0.041133, 0.050052, 0.04274800000000001, 0.042408, 0.056292, 0.052548, 0.053952, 0.054107999999999996, 0.053016, 0.041968000000000005, 0.052392, 0.04167, 0.037458, 0.041344000000000006, 0.051612, 0.035898, 0.035898, 0.041188], "hv": [994.2357945092648, 1751.0073303272566, 1751.0073303272566, 1751.0073303272566, 1751.7026544979365, 1896.7893095281163, 1896.7893095281163, 1899.0898147166342, 1899.0898147166342, 1899.0973848708873, 1899.0973848708873, 2632.7823742910055, 2633.032181582439, 2633.0708463928536, 2633.3343360583485, 2633.3343360583485, 2633.416051252295, 2633.4349371571625, 2633.436526042472, 2633.6975975084665, 2633.8668229542777, 2633.8668229542777, 2634.7588141270403, 2636.8554174897995, 2650.8641549222325, 2650.8641549222325, 2650.8641549222325, 2650.8641549222325, 2650.86713519801, 2650.86713519801, 2650.8922159505323, 2650.8922159505323, 2650.8922159505323, 2650.8922159505323, 2650.8922159505323, 2676.272570904258, 2676.272570904258, 2676.273005266108, 2676.3514424385608, 2676.5682579308695], "param": [{"hd_dim": 8192, "npe1": 214, "npe2": 60, "reram_size": 256, "f1": 33, "d1": 64, "frequency": 170255876, "kron": true}, {"hd_dim": 1024, "npe1": 149, "npe2": 56, "reram_size": 64, "f1": 17, "d1": 32, "frequency": 317873171, "kron": true}, {"hd_dim": 1024, "npe1": 124, "npe2": 90, "reram_size": 256, "f1": 33, "d1": 128, "frequency": 410261179, "kron": true}, {"hd_dim": 4096, "npe1": 58, "npe2": 185, "reram_size": 256, "f1": 33, "d1": 128, "frequency": 563033521, "kron": true}, {"hd_dim": 2048, "npe1": 154, "npe2": 108, "reram_size": 128, "f1": 33, "d1": 128, "frequency": 155016624, "kron": true}, {"hd_dim": 512, "npe1": 106, "npe2": 78, "reram_size": 256, "f1": 11, "d1": 128, "frequency": 42957677, "kron": true}, {"hd_dim": 4096, "npe1": 122, "npe2": 173, "reram_size": 256, "f1": 11, "d1": 64, "frequency": 932967255, "kron": true}, {"hd_dim": 2048, "npe1": 140, "npe2": 184, "reram_size": 256, "f1": 51, "d1": 128, "frequency": 79945616, "kron": true}, {"hd_dim": 512, "npe1": 12, "npe2": 240, "reram_size": 256, "f1": 17, "d1": 128, "frequency": 676912398, "kron": true}, {"hd_dim": 4096, "npe1": 19, "npe2": 135, "reram_size": 64, "f1": 17, "d1": 128, "frequency": 166543317, "kron": true}, {"hd_dim": 512, "npe1": 124, "npe2": 132, "reram_size": 256, "f1": 33, "d1": 128, "frequency": 62433887, "kron": true}, {"hd_dim": 512, "npe1": 125, "npe2": 122, "reram_size": 256, "f1": 51, "d1": 128, "frequency": 10000000, "kron": true}, {"hd_dim": 512, "npe1": 121, "npe2": 132, "reram_size": 256, "f1": 33, "d1": 128, "frequency": 100179726, "kron": true}, {"hd_dim": 1024, "npe1": 119, "npe2": 141, "reram_size": 256, "f1": 17, "d1": 128, "frequency": 56531272, "kron": true}, {"hd_dim": 1024, "npe1": 112, "npe2": 118, "reram_size": 256, "f1": 33, "d1": 128, "frequency": 58474409, "kron": true}, {"hd_dim": 512, "npe1": 128, "npe2": 140, "reram_size": 256, "f1": 33, "d1": 128, "frequency": 43796484, "kron": true}, {"hd_dim": 512, "npe1": 118, "npe2": 132, "reram_size": 256, "f1": 17, "d1": 128, "frequency": 53163588, "kron": true}, {"hd_dim": 2048, "npe1": 112, "npe2": 141, "reram_size": 256, "f1": 17, "d1": 128, "frequency": 59114331, "kron": true}, {"hd_dim": 1024, "npe1": 135, "npe2": 60, "reram_size": 64, "f1": 17, "d1": 64, "frequency": 323203139, "kron": true}, {"hd_dim": 1024, "npe1": 133, "npe2": 56, "reram_size": 64, "f1": 33, "d1": 64, "frequency": 304407850, "kron": true}, {"hd_dim": 1024, "npe1": 122, "npe2": 93, "reram_size": 128, "f1": 33, "d1": 128, "frequency": 376157161, "kron": true}, {"hd_dim": 1024, "npe1": 135, "npe2": 57, "reram_size": 64, "f1": 17, "d1": 32, "frequency": 348918546, "kron": true}, {"hd_dim": 2048, "npe1": 134, "npe2": 59, "reram_size": 64, "f1": 17, "d1": 32, "frequency": 306545542, "kron": true}, {"hd_dim": 512, "npe1": 121, "npe2": 121, "reram_size": 256, "f1": 33, "d1": 128, "frequency": 318155146, "kron": true}, {"hd_dim": 512, "npe1": 113, "npe2": 120, "reram_size": 128, "f1": 33, "d1": 64, "frequency": 313869237, "kron": true}, {"hd_dim": 1024, "npe1": 71, "npe2": 122, "reram_size": 256, "f1": 33, "d1": 128, "frequency": 323924178, "kron": true}, {"hd_dim": 512, "npe1": 162, "npe2": 120, "reram_size": 256, "f1": 33, "d1": 128, "frequency": 311795503, "kron": true}, {"hd_dim": 512, "npe1": 127, "npe2": 131, "reram_size": 256, "f1": 33, "d1": 128, "frequency": 47267324, "kron": true}, {"hd_dim": 1024, "npe1": 120, "npe2": 147, "reram_size": 256, "f1": 17, "d1": 128, "frequency": 190041033, "kron": true}, {"hd_dim": 512, "npe1": 125, "npe2": 143, "reram_size": 256, "f1": 33, "d1": 128, "frequency": 66880237, "kron": true}, {"hd_dim": 512, "npe1": 123, "npe2": 138, "reram_size": 256, "f1": 33, "d1": 128, "frequency": 48521509, "kron": true}, {"hd_dim": 512, "npe1": 127, "npe2": 101, "reram_size": 128, "f1": 33, "d1": 64, "frequency": 317940974, "kron": true}, {"hd_dim": 1024, "npe1": 125, "npe2": 132, "reram_size": 256, "f1": 17, "d1": 128, "frequency": 318120046, "kron": true}, {"hd_dim": 1024, "npe1": 136, "npe2": 84, "reram_size": 64, "f1": 17, "d1": 32, "frequency": 319578507, "kron": true}, {"hd_dim": 1024, "npe1": 139, "npe2": 54, "reram_size": 64, "f1": 17, "d1": 32, "frequency": 316901720, "kron": true}, {"hd_dim": 2048, "npe1": 103, "npe2": 121,