{"accuracy": [0.712046148625721, 0.7789616559212759, 0.7448252460128945, 0.5440787241262302, 0.6222599253478113, 0.7984390906107236, 0.43189684424838815, 0.7734645402103835, 0.7085850016966406, 0.6972514421445537, 0.5483542585680353, 0.634407872412623, 0.7277231082456737, 0.61431964711897, 0.7278588394977943, 0.7745503902374626, 0.7746861214996963, 0.7440108585001697, 0.7024770953613174, 0.8267390566677978, 0.7072955548035156, 0.6773668137189693, 0.6449949100780454, 0.760502205632847, 0.7509331523583305, 0.7017984391108261, 0.7690532745164574, 0.7851374279028851, 0.7383101459212089, 0.7157108924329827, 0.5313199864268748, 0.7752290464879538, 0.7527655242801643, 0.7980997624905344, 0.6735663386494741, 0.7022056328469629, 0.6162198846284357, 0.7281981676280964, 0.6734984730234136, 0.6576179165353927], "power": [0.020097344114792, 0.024188558947245, 0.042323363747998, 0.062133001176434006, 0.013936924597344002, 0.004111994757794, 0.11498821417875, 0.010428266042272, 0.076210859241228, 0.018978776775369, 0.0343331784786165, 0.09510598929715801, 0.066940918972528, 0.019504484483470003, 0.00517686451768, 0.0411508720835405, 0.034160637779424005, 0.029445049451974004, 0.09144413300899801, 0.12835343276546402, 0.08657320026154801, 0.115990263703196, 0.07165331676329402, 0.05423834507166601, 0.078905930624535, 0.024480320349036997, 0.028246817856863997, 0.066040895290464, 0.056067427507742004, 0.07364654016817801, 0.049940081890512, 0.005942003091336001, 0.12741107269583, 0.011921123251128003, 0.036583731317877, 0.040316834059824, 0.0449862761555, 0.090899360568768, 0.014078657703671999, 0.09483285213441599], "performance": [49.34337772870759, 3.4258946628748355, 5.325875593020708, 7.532411200788879, 14.146869822168235, 152.07991810171671, 4.513556051868079, 27.35609667451934, 12.487583363778189, 25.560917583982068, 4.263252573342816, 6.568721387756684, 2.6133142132660736, 33.65377795841243, 52.0205558944563, 1.6539776693389603, 6.424419924975431, 13.67977658373388, 1.4454850371537071, 7.87634265962552, 8.924653260660051, 0.6392938133992432, 6.7070173260449515, 12.614713983178392, 3.284359001266481, 1.6694104455053687, 9.272573686963222, 10.888134720727042, 3.1961032985730577, 14.629308091590891, 4.763152181478357, 184.92693273791912, 2.390086226861872, 104.56076157773602, 3.763686481392798, 44.732291214234124, 11.946325722590293, 5.632679160736801, 11.758100060691458, 11.673876858948038], "area": [0.055043999999999996, 0.039330000000000004, 0.045683999999999995, 0.050207999999999996, 0.047272, 0.041004, 0.05832, 0.062844, 0.051612, 0.046074000000000004, 0.051567, 0.073452, 0.041826, 0.078288, 0.06066, 0.055778999999999995, 0.05366800000000001, 0.040535999999999996, 0.056448, 0.07813200000000001, 0.038976, 0.063936, 0.045138, 0.056476, 0.06515699999999999, 0.042051, 0.019976, 0.083514, 0.048492, 0.061751999999999994, 0.049271999999999996, 0.055704000000000004, 0.06846000000000001, 0.07563600000000001, 0.031842, 0.085908, 0.060848, 0.058008, 0.039628000000000003, 0.065028], "hv": [994.2357945092648, 1751.0073303272566, 1751.0073303272566, 1751.0073303272566, 1751.7026544979365, 1896.7893095281163, 1896.7893095281163, 1899.0898147166342, 1899.0898147166342, 1899.0973848708873, 1899.0973848708873, 1899.0973848708873, 1901.0952247887633, 1901.0952247887633, 1901.7632221151332, 1905.7928887930539, 1905.7928887930539, 1905.7928887930539, 1906.1983636653836, 2216.9859944976383, 2217.021684368473, 2218.189274189931, 2218.189274189931, 2218.189274189931, 2218.189274189931, 2218.2215702104077, 2221.3517328203957, 2221.890540673062, 2221.8905756069003, 2221.8905756069003, 2221.8905756069003, 2221.8905756069003, 2221.8905756069003, 2222.7961443362733, 2222.8020852838586, 2222.8020852838586, 2222.8020852838586, 2222.8020852838586, 2222.8846120157373, 2222.8846120157373], "param": [{"hd_dim": 8192, "npe1": 214, "npe2": 60, "reram_size": 256, "f1": 33, "d1": 64, "frequency": 170255876, "kron": true}, {"hd_dim": 1024, "npe1": 149, "npe2": 56, "reram_size": 64, "f1": 17, "d1": 32, "frequency": 317873171, "kron": true}, {"hd_dim": 1024, "npe1": 124, "npe2": 90, "reram_size": 256, "f1": 33, "d1": 128, "frequency": 410261179, "kron": true}, {"hd_dim": 4096, "npe1": 58, "npe2": 185, "reram_size": 256, "f1": 33, "d1": 128, "frequency": 563033521, "kron": true}, {"hd_dim": 2048, "npe1": 154, "npe2": 108, "reram_size": 128, "f1": 33, "d1": 128, "frequency": 155016624, "kron": true}, {"hd_dim": 512, "npe1": 106, "npe2": 78, "reram_size": 256, "f1": 11, "d1": 128, "frequency": 42957677, "kron": true}, {"hd_dim": 4096, "npe1": 122, "npe2": 173, "reram_size": 256, "f1": 11, "d1": 64, "frequency": 932967255, "kron": true}, {"hd_dim": 2048, "npe1": 140, "npe2": 184, "reram_size": 256, "f1": 51, "d1": 128, "frequency": 79945616, "kron": true}, {"hd_dim": 512, "npe1": 12, "npe2": 240, "reram_size": 256, "f1": 17, "d1": 128, "frequency": 676912398, "kron": true}, {"hd_dim": 4096, "npe1": 19, "npe2": 135, "reram_size": 64, "f1": 17, "d1": 128, "frequency": 166543317, "kron": true}, {"hd_dim": 512, "npe1": 114, "npe2": 193, "reram_size": 64, "f1": 11, "d1": 32, "frequency": 386793879, "kron": true}, {"hd_dim": 4096, "npe1": 149, "npe2": 243, "reram_size": 256, "f1": 33, "d1": 128, "frequency": 645635543, "kron": true}, {"hd_dim": 1024, "npe1": 82, "npe2": 139, "reram_size": 64, "f1": 33, "d1": 128, "frequency": 836103056, "kron": true}, {"hd_dim": 4096, "npe1": 200, "npe2": 223, "reram_size": 256, "f1": 51, "d1": 128, "frequency": 125840255, "kron": true}, {"hd_dim": 512, "npe1": 92, "npe2": 218, "reram_size": 256, "f1": 17, "d1": 64, "frequency": 40772344, "kron": true}, {"hd_dim": 512, "npe1": 109, "npe2": 225, "reram_size": 64, "f1": 51, "d1": 64, "frequency": 431081999, "kron": true}, {"hd_dim": 2048, "npe1": 153, "npe2": 150, "reram_size": 128, "f1": 33, "d1": 128, "frequency": 341353776, "kron": true}, {"hd_dim": 2048, "npe1": 130, "npe2": 51, "reram_size": 256, "f1": 17, "d1": 128, "frequency": 310019683, "kron": true}, {"hd_dim": 1024, "npe1": 207, "npe2": 76, "reram_size": 256, "f1": 51, "d1": 64, "frequency": 760298427, "kron": true}, {"hd_dim": 512, "npe1": 220, "npe2": 202, "reram_size": 256, "f1": 11, "d1": 128, "frequency": 829445884, "kron": true}, {"hd_dim": 8192, "npe1": 105, "npe2": 66, "reram_size": 256, "f1": 17, "d1": 64, "frequency": 935946726, "kron": true}, {"hd_dim": 512, "npe1": 230, "npe2": 101, "reram_size": 256, "f1": 33, "d1": 32, "frequency": 877530782, "kron": true}, {"hd_dim": 4096, "npe1": 120, "npe2": 28, "reram_size": 64, "f1": 33, "d1": 32, "frequency": 637093926, "kron": true}, {"hd_dim": 2048, "npe1": 231, "npe2": 90, "reram_size": 128, "f1": 11, "d1": 128, "frequency": 518838557, "kron": true}, {"hd_dim": 2048, "npe1": 187, "npe2": 160, "reram_size": 64, "f1": 51, "d1": 32, "frequency": 636653910, "kron": true}, {"hd_dim": 512, "npe1": 76, "npe2": 170, "reram_size": 64, "f1": 51, "d1": 32, "frequency": 332452694, "kron": true}, {"hd_dim": 4096, "npe1": 14, "npe2": 32, "reram_size": 128, "f1": 33, "d1": 64, "frequency": 461037048, "kron": true}, {"hd_dim": 4096, "npe1": 230, "npe2": 164, "reram_size": 64, "f1": 33, "d1": 32, "frequency": 380689632, "kron": true}, {"hd_dim": 1024, "npe1": 90, "npe2": 142, "reram_size": 256, "f1": 11, "d1": 32, "frequency": 520946867, "kron": true}, {"hd_dim": 8192, "npe1": 247, "npe2": 70, "reram_size": 256, "f1": 11, "d1": 64, "frequency": 572207513, "kron": true}, {"hd_dim": 1024, "npe1": 111, "npe2": 126, "reram_size": 256, "f1": 33, "d1": 128, "frequency": 458729832, "kron": true}, {"hd_dim": 8192, "npe1": 43, "npe2": 191, "reram_size": 128, "f1": 33, "d1": 32, "frequency": 44736588, "kron": true}, {"hd_dim": 1024, "npe1": 155, "npe2": 205, "reram_size": 256, "f1": 33, "d1": 128, "frequency": 914192959, "kron": true}, {"hd_dim": 8192, "npe1": 238, "npe2": 168, "reram_size": 256, "f1": 51, "d1": 64, "frequency": 79064076, "kron": true}, {"hd_dim": 1024, "npe1": 131, "npe2": 26, "reram_size": 64, "f1": 17, "d1": 64,