{"accuracy": [0.91028, 0.8853199999999999, 0.9396000000000001, 0.8067, 0.8389399999999998, 0.8517800000000001, 0.9035, 0.9396000000000001, 0.83226, 0.89298, 0.9411000000000002, 0.9383000000000001, 0.9436, 0.8576, 0.9193, 0.9032, 0.9366999999999999, 0.9, 0.8274000000000001, 0.8815, 0.8949, 0.9328999999999998, 0.942, 0.9279, 0.8709, 0.8928, 0.8247, 0.8615999999999999, 0.8676, 0.9257, 0.8916000000000001, 0.8234999999999999, 0.7899800000000001, 0.8673, 0.83158, 0.8220000000000001, 0.83238, 0.8567, 0.9239, 0.79436], "power": [0.36138528, 0.08505884000000001, 0.21649331199999997, 0.044903752000000005, 0.021416240000000007, 0.09094464, 0.072759576, 0.50972272, 0.021416240000000007, 0.36138528, 0.2627024, 0.32190495999999996, 0.34527872, 0.055915688000000005, 0.11840172799999998, 0.07752716800000001, 0.32916864, 0.053808407999999995, 0.054832808, 0.059940992, 0.039053439999999995, 0.32999968, 0.280076544, 0.070103232, 0.03481386399999999, 0.034389016, 0.047225768, 0.027719079999999997, 0.029842344, 0.13977256, 0.055925376, 0.022835879999999996, 0.022835879999999996, 0.047365032, 0.021416240000000007, 0.022835879999999996, 0.021416240000000007, 0.032544168, 0.17689004800000002, 0.04517316], "performance": [0.037887409372266, 0.09832245665737174, 23.03971837946382, 0.5824598643861194, 0.5909527643329868, 0.03661648743990745, 4.114364122087494, 56.97924647663083, 0.04981135304281196, 0.038055968684808934, 27.54566505218096, 28.126769736655067, 30.78314852015017, 1.9551008069635296, 9.588768601155017, 3.5674704712078054, 20.475169729243728, 6.619024720434154, 2.6000910696449893, 3.5792502981788865, 5.952799855682364, 29.551400453133294, 56.04981505309227, 8.179488646264979, 2.2152927214862053, 2.959394790748405, 1.4469062094552858, 1.2984920111018967, 1.931656920019415, 14.07508206925547, 5.396210223508014, 0.12592272929582615, 0.04196262122078421, 1.354379092204595, 0.028030584991178487, 0.07255089391928876, 0.09960148202025172, 1.5317889030202858, 11.751318266137998, 0.04766440242583091], "area": [2.8992, 1.5471750000000002, 0.062508, 0.06378, 0.38955000000000006, 0.7296, 0.043803, 0.12061200000000001, 0.38955000000000006, 2.8992, 0.06866, 0.07256, 0.066096, 0.040876, 0.046656, 0.044936, 0.065316, 0.046455, 0.050961, 0.040568, 0.026528000000000003, 0.071936, 0.062664, 0.038856, 0.026836, 0.032415, 0.046024, 0.022779999999999998, 0.028652999999999998, 0.047244, 0.026372, 0.1856, 0.1856, 0.038949, 0.38955000000000006, 0.1856, 0.38955000000000006, 0.032764, 0.051179999999999996, 0.3648], "hv": [1804.9908709210051, 2454.135547500256, 3134.813831081304, 3208.408846805702, 3245.5019607933095, 3246.86922680942, 3277.016613078158, 3277.016613078158, 3277.174666299916, 3277.174666299916, 3277.174666299916, 3289.402039481503, 3289.402039481503, 3308.687307177193, 3311.245267212338, 3321.735075421826, 3321.8531889857218, 3322.593896697327, 3326.7482704792437, 3326.748312513168, 3326.9094946662644, 3335.342174515822, 3335.342174515822, 3335.6073718766024, 3348.0968614984995, 3349.060825135067, 3349.733276835515, 3349.7430777553423, 3351.8090615275837, 3351.950377602915, 3351.950377602915, 3351.955012600595, 3352.1126807487817, 3352.121056762208, 3352.1317956963885, 3352.17168528338, 3352.1723744113797, 3352.1724491530945, 3352.1724491530945, 3352.1724491530945]}