{
    "accuracy": [
        0.91028,
        0.8853199999999999,
        0.9396000000000001,
        0.8067,
        0.8389399999999998,
        0.8517800000000001,
        0.9035,
        0.9396000000000001,
        0.83226,
        0.89298,
        0.9395,
        0.9350000000000002,
        0.9381,
        0.9423999999999999,
        0.8489000000000001,
        0.8619999999999999,
        0.893,
        0.8905,
        0.8568999999999999,
        0.8642999999999998,
        0.8787,
        0.8947,
        0.8817999999999999,
        0.9153,
        0.8985999999999998,
        0.8522000000000001,
        0.892,
        0.9451,
        0.8152000000000001,
        0.83124,
        0.80848,
        0.8180400000000001,
        0.7273,
        0.9404999999999999,
        0.9358000000000001,
        0.9427999999999999,
        0.8878999999999999,
        0.8958999999999999,
        0.8692,
        0.9383000000000001
    ],
    "power": [
        0.36138528,
        0.08505884000000001,
        0.21649331199999997,
        0.044903752000000005,
        0.021416240000000007,
        0.09094464,
        0.072759576,
        0.50972272,
        0.021416240000000007,
        0.36138528,
        0.2627024,
        0.32270873600000005,
        0.33914195199999997,
        0.31514348799999997,
        0.057328295999999994,
        0.04814276000000001,
        0.054504831999999996,
        0.07164059999999998,
        0.051452072,
        0.07290666400000001,
        0.022163879999999997,
        0.033801752,
        0.019715352000000002,
        0.186603712,
        0.03234752,
        0.019477928,
        0.04278335999999999,
        0.30514412799999996,
        0.034567848,
        0.021416240000000007,
        0.022835879999999996,
        0.021416240000000007,
        0.026647880000000002,
        0.357093184,
        0.2842883199999999,
        0.27003526399999994,
        0.027500568,
        0.018326552,
        0.015481768000000002,
        0.326952256
    ],
    "performance": [
        0.037887409372266,
        0.09832245665737174,
        23.03971837946382,
        0.5824598643861194,
        0.5909527643329868,
        0.03661648743990745,
        4.114364122087494,
        56.97924647663083,
        0.04981135304281196,
        0.038055968684808934,
        27.37504832257585,
        28.206535646903124,
        28.414000536559676,
        23.97847530285406,
        1.775762550116639,
        2.6289419642080047,
        4.665591503067493,
        2.7560596942753475,
        2.1113698554182423,
        1.6226564822337524,
        1.770404021540116,
        3.6796184567655983,
        4.052832780665476,
        8.268992865199808,
        3.2266185980121143,
        1.9351228475734166,
        3.3695253834747376,
        17.58561834967465,
        0.9789911061000596,
        0.02890875340629357,
        0.12756896030169165,
        0.03787210009986139,
        0.10191076408783271,
        22.637117208660424,
        15.174414374778076,
        21.472725972505195,
        3.2153250745780784,
        4.776743854973235,
        2.2079999999999997,
        20.031161144564855
    ],
    "area": [
        2.8992,
        1.5471750000000002,
        0.062508,
        0.06378,
        0.38955000000000006,
        0.7296,
        0.043803,
        0.12061200000000001,
        0.38955000000000006,
        2.8992,
        0.06866,
        0.06516,
        0.074744,
        0.073028,
        0.041812,
        0.044565,
        0.041972,
        0.049731000000000004,
        0.044409,
        0.049456,
        0.023403999999999998,
        0.032883,
        0.029919,
        0.057888,
        0.028088000000000002,
        0.027249,
        0.02528,
        0.075836,
        0.046492000000000006,
        0.38955000000000006,
        0.1856,
        0.38955000000000006,
        0.1107,
        0.082544,
        0.07302800000000001,
        0.074276,
        0.026643000000000003,
        0.028047000000000002,
        0.0142,
        0.076148
    ],
    "hv": [
        1804.9908709210051,
        2454.135547500256,
        3134.813831081304,
        3208.408846805702,
        3245.5019607933095,
        3246.86922680942,
        3277.016613078158,
        3277.016613078158,
        3277.174666299916,
        3277.174666299916,
        3277.174666299916,
        3277.174666299916,
        3277.174666299916,
        3277.174666299916,
        3299.4674519453933,
        3300.9293419499063,
        3303.0997805109528,
        3305.9693915436987,
        3306.117763678571,
        3306.129150139521,
        3306.168058758214,
        3317.903383033695,
        3319.855140915217,
        3322.602810924487,
        3326.298787476994,
        3327.340650875787,
        3327.6482947631334,
        3327.684595965453,
        3352.255580092187,
        3352.264558917363,
        3352.302469732053,
        3352.341759810232,
        3352.341759810232,
        3352.3522449152497,
        3352.3522449152497,
        3353.217802948201,
        3353.758608083391,
        3353.905366024921,
        3356.3728742462526,
        3362.634729631726
    ]
}