{"accuracy": [0.8949, 0.8968, 0.8852, 0.8809000000000001, 0.8947, 0.89, 0.9027, 0.8812999999999999, 0.8971, 0.8949999999999999, 0.8689, 0.9015000000000001, 0.8840999999999999, 0.8911999999999999, 0.8779999999999999, 0.8987, 0.8865999999999999, 0.8857000000000002, 0.8615999999999999, 0.8806, 0.9056, 0.8974, 0.8772, 0.8919, 0.9056999999999998, 0.905, 0.8989, 0.8766999999999999, 0.8905, 0.8702, 0.8797, 0.8603, 0.8812, 0.8862, 0.8926000000000001, 0.8904, 0.8956, 0.8744, 0.8922000000000001, 0.882], "power": [0.12493037600000001, 0.12493037600000001, 0.124938776, 0.12493037600000001, 0.124938776, 0.125524096, 0.124938776, 0.124938776, 0.12493037600000001, 0.124938776, 0.124938776, 0.124938776, 0.12493037600000001, 0.124938776, 0.12493037600000001, 0.12493037600000001, 0.124938776, 0.12493037600000001, 0.124938776, 0.12493037600000001, 0.12493037600000001, 0.124938776, 0.124938776, 0.124938776, 0.124938776, 0.12493037600000001, 0.12493037600000001, 0.12493037600000001, 0.12493037600000001, 0.125524096, 0.124938776, 0.125524096, 0.12493037600000001, 0.12493037600000001, 0.124938776, 0.125524096, 0.125524096, 0.12493037600000001, 0.12493037600000001, 0.12493037600000001], "performance": [3.089450574679529, 14.078508619109678, 2.8664696451888427, 180.54942709304453, 121.3279651945219, 2.260858517051321, 6.087391375692251, 39.33067136978179, 2.4136838513896293, 4.307879276466231, 17.285610809755422, 5.104108111535428, 2.7268994270203244, 2.4666202255099012, 3.6168655902741715, 8.334404570450376, 3.414683328834169, 5.847003865164637, 3.8165839156666075, 4.543212313847926, 2.1399999999999997, 2.1399999999999997, 2.6473245743845255, 7.661796337223125, 3.1195850326823327, 2.5498301753527746, 10.451864378170725, 4.027115282290902, 2.2199020672568293, 3.1802521393359235, 2.2712696222491653, 6.85877585017331, 9.398471392208128, 2.5009336984701207, 3.09284928072278, 2.142113316887569, 2.5537774545888876, 2.8917172829684397, 5.104515186982208, 3.3363466779997686], "area": [0.052236, 0.052236, 0.058311, 0.052236, 0.058311, 0.052736, 0.058311, 0.058311, 0.052236, 0.058311, 0.058311, 0.058311, 0.052236, 0.058311, 0.052236, 0.052236, 0.058311, 0.052236, 0.058311, 0.052236, 0.052236, 0.058311, 0.058311, 0.058311, 0.058311, 0.052236, 0.052236, 0.052236, 0.052236, 0.052736, 0.058311, 0.052736, 0.052236, 0.052236, 0.058311, 0.052736, 0.052736, 0.052236, 0.052236, 0.052236], "hv": [2733.3538742701007, 2750.575041352181, 2751.7605176321244, 2751.7605176321244, 2751.7605176321244, 2755.0558679635865, 2809.6611508303804, 2809.6611508303804, 2809.876514836604, 2809.876514836604, 2809.876514836604, 2809.876514836604, 2809.9571653153744, 2809.9571653153744, 2809.9571653153744, 2809.9571653153744, 2809.9661919481214, 2809.9661919481214, 2809.9661919481214, 2809.9661919481214, 2809.9661919481214, 2837.9416156334087, 2837.9416156334087, 2837.9416156334087, 2837.9416156334087, 2838.867864106238, 2838.867864106238, 2838.867864106238, 2838.867864106238, 2838.867864106238, 2838.867864106238, 2838.867864106238, 2838.867864106238, 2838.867864106238, 2838.867864106238, 2838.867864106238, 2838.867864106238, 2838.867864106238, 2838.867864106238, 2838.867864106238]}