{"accuracy": [0.91028, 0.8853199999999999, 0.9396000000000001, 0.8067, 0.8389399999999998, 0.8517800000000001, 0.9035, 0.9396000000000001, 0.83226, 0.89298, 0.9135, 0.8107, 0.8141999999999999, 0.8587, 0.8933, 0.9172, 0.8378, 0.9332799999999999, 0.7936, 0.8135, 0.5884, 0.8671199999999999, 0.88052, 0.89666, 0.8656, 0.8310000000000001, 0.8236000000000001, 0.81554, 0.7376400000000001, 0.9151, 0.8827999999999999, 0.8888199999999999, 0.898, 0.84276, 0.89612, 0.8558600000000001, 0.8087199999999999, 0.91106, 0.9231, 0.9152000000000001], "power": [0.36138528, 0.08505884000000001, 0.21649331199999997, 0.044903752000000005, 0.021416240000000007, 0.09094464, 0.072759576, 0.50972272, 0.021416240000000007, 0.36138528, 0.044041408, 0.058820976000000004, 0.022835879999999996, 0.023096744, 0.11960384, 0.106545344, 0.058355272, 0.34023536000000004, 0.06925610400000001, 0.020349768, 0.10995191200000001, 0.18109151999999998, 0.18109151999999998, 0.08505884000000001, 0.12258132, 0.20717224, 0.20717224, 0.20717224, 0.026647880000000002, 0.11571936000000001, 0.077957656, 0.08505884000000001, 0.36138528, 0.04517316, 0.08505884000000001, 0.04517316, 0.05229396000000001, 0.08505884000000001, 0.310967952, 0.035851456], "performance": [0.037887409372266, 0.09832245665737174, 23.03971837946382, 0.5824598643861194, 0.5909527643329868, 0.03661648743990745, 4.114364122087494, 56.97924647663083, 0.04981135304281196, 0.038055968684808934, 22.643331804329566, 0.9223043287347519, 0.16941057893148312, 1.3798665176482616, 69.32857722960158, 13.280882892035784, 0.6213799837699765, 0.01931181236550409, 11.930584124273564, 4.3285352683468465, 20.884208283999072, 0.03507659966999957, 0.04051842381214283, 0.09768753755818704, 5.649407748996807, 0.25639884789421186, 0.14086853228739446, 0.1367642713666757, 0.1477478694151233, 13.105785636629495, 11.312422457604677, 0.05811810953282546, 0.05346791296138903, 0.06788782782194065, 0.48048680039695413, 0.15482921440125938, 1.1850761801224692, 0.16902065250676432, 7.666580148928447, 4.433322902709726], "area": [2.8992, 1.5471750000000002, 0.062508, 0.06378, 0.38955000000000006, 0.7296, 0.043803, 0.12061200000000001, 0.38955000000000006, 2.8992, 0.027936000000000002, 0.054306, 0.1856, 0.037701, 0.078476, 0.040728, 0.08094, 6.188700000000001, 0.066928, 0.038664000000000004, 0.052264, 1.4528, 1.4528, 1.5471750000000002, 0.059879999999999996, 0.7995, 0.7995, 0.7995, 0.1107, 0.05617200000000001, 0.041463, 1.5471750000000002, 2.8992, 0.3648, 1.5471750000000002, 0.3648, 0.2091, 1.5471750000000002, 0.085152, 0.040416], "hv": [1804.9908709210051, 2454.135547500256, 3134.813831081304, 3208.408846805702, 3245.5019607933095, 3246.86922680942, 3277.016613078158, 3277.016613078158, 3277.174666299916, 3277.174666299916, 3299.2621797078696, 3299.2834751488817, 3299.788723110517, 3302.626957687013, 3302.626957687013, 3306.3381845953604, 3306.3496948055017, 3309.319662413136, 3309.319662413136, 3310.5006734866183, 3310.5006734866183, 3310.515524203358, 3310.527729050015, 3310.7313889827387, 3310.7313889827387, 3310.7313889827387, 3310.7313889827387, 3310.7313889827387, 3310.7415827436703, 3310.760392227689, 3310.760620686272, 3310.763050509291, 3310.763050509291, 3310.773751212868, 3310.773751212868, 3310.798149550968, 3310.798149550968, 3311.42361377474, 3312.822170779149, 3316.2563768880595]}