{"accuracy": [0.90594, 0.92788, 0.8566600000000001, 0.89334, 0.93932, 0.80536, 0.8595600000000001, 0.91602, 0.8867200000000001, 0.9455, 0.91798, 0.9103600000000001, 0.90276, 0.9205200000000001, 0.9220200000000001, 0.9228400000000001, 0.92154, 0.92796, 0.8224, 0.94736, 0.79196, 0.8044, 0.90984, 0.9244399999999999, 0.7842600000000001, 0.8272599999999999, 0.8385400000000001, 0.8446200000000001, 0.9330399999999999, 0.9356, 0.91892, 0.92872, 0.89062, 0.8059200000000001, 0.92814, 0.898, 0.8777999999999999, 0.85746, 0.8393, 0.8349], "power": [9.53840038122369, 4.189251786717509, 5.33004330774015, 0.05603069873442001, 0.08363503207801601, 0.17983240246435, 0.060025221733474, 9.842645295729582, 3.4561935698634, 0.15872230815187, 0.04091088466663199, 0.06892353322575, 0.069021415308492, 0.09567601570490601, 0.06200792172638998, 0.06627186454660798, 0.06751585551000001, 0.10057301276022301, 0.24792774509860005, 0.09925981537197, 0.11422169859411002, 0.40735503244953003, 0.10282434552935998, 0.094084715385374, 0.33039302604687004, 0.004508100000000001, 0.004508100000000001, 0.004508100000000001, 0.088387891440654, 0.10802859560783, 0.117699644361816, 0.074826091959786, 0.08716298590829201, 0.12067006770333001, 0.09870257949597, 0.07654329202436799, 0.085683280947488, 0.042589711444742, 0.004508100000000001, 0.004508100000000001], "performance": [0.037887409372266, 0.08626487458830054, 0.03397561887293178, 5.374712198886115, 30.075162638231024, 0.30304838979618076, 12.175135266388354, 0.01728373571216762, 0.05239623196427546, 10.232564299946928, 14.434621319290473, 11.741536484343428, 8.736369912220718, 6.204892162640076, 9.095378272611464, 8.628667684426398, 8.31981163175518, 7.7866759134188985, 0.2198137202366212, 15.72016270786492, 0.25259508793093527, 0.259699946171911, 6.038901981853099, 15.778084356417898, 0.1649487601238558, 6.3999999999999995, 6.3999999999999995, 6.3999999999999995, 17.86266790921331, 14.482122545399497, 5.4280089244455105, 8.021709650726983, 2.725772798214774, 0.23909690737004372, 16.058323177508395, 2.677824935132745, 4.742816188948866, 3.348117401194659, 6.3999999999999995, 6.3999999999999995], "area": [2.8992, 2.8992, 1.4528, 0.0713, 0.10563600000000001, 0.2091, 0.035572, 3.0943500000000004, 1.4528, 0.076148, 0.060851999999999996, 0.07887, 0.062724, 0.060228, 0.057108, 0.058044000000000005, 0.057420000000000006, 0.075282, 0.2091, 0.072248, 0.1107, 0.4059, 0.065688, 0.06647600000000001, 0.2091, 0.1107, 0.1107, 0.1107, 0.073652, 0.07256, 0.066936, 0.062568, 0.049616, 0.1107, 0.07411999999999999, 0.040256, 0.052424, 0.034324, 0.1107, 0.1107], "hv": [0.0, 0.0, 0.0, 2800.4601329386974, 3210.1577833248084, 3228.7187378480116, 3237.494937361293, 3237.494937361293, 3237.494937361293, 3310.6460445724215, 3310.6460445724215, 3338.1334840731606, 3338.174319880141, 3338.476422118567, 3340.4371845609458, 3341.165413622333, 3341.3038593907636, 3341.3130085190255, 3341.6468445818664, 3343.4468956248775, 3362.394296111345, 3363.214826588672, 3363.214826588672, 3363.2669642541155, 3363.2767924729997, 3363.4420506659762, 3404.0980495701165, 3406.1160011130137, 3407.2036913063475, 3407.217672960198, 3407.222528230056, 3407.5443517252547, 3407.8918222669404, 3411.9086019174965, 3411.940336978674, 3411.940336978674, 3412.9222438731763, 3412.9222438731763, 3413.5390417451295, 3413.5390417451295]}