{"accuracy": [0.90594, 0.92788, 0.8566600000000001, 0.89334, 0.93932, 0.80536, 0.8595600000000001, 0.91602, 0.8867200000000001, 0.9455, 0.90754, 0.9200200000000001, 0.9056000000000001, 0.9250399999999999, 0.9211199999999999, 0.91482, 0.9235199999999999, 0.91712, 0.9216000000000001, 0.9193, 0.8021800000000001, 0.9298, 0.8953800000000001, 0.924, 0.8759, 0.87438, 0.92308, 0.8662000000000001, 0.9269400000000001, 0.8640799999999998, 0.9256200000000001, 0.9134, 0.89628, 0.87302, 0.87148, 0.9103200000000001, 0.9071200000000001, 0.8758000000000001, 0.8583399999999999, 0.8779999999999999], "power": [9.53840038122369, 4.189251786717509, 5.33004330774015, 0.05603069873442001, 0.08363503207801601, 0.17983240246435, 0.060025221733474, 9.842645295729582, 3.4561935698634, 0.15872230815187, 0.040806683196617996, 0.07013380858352701, 0.06896869033613401, 0.09450789724639398, 0.086466194972515, 0.068563432900852, 0.091131121540934, 0.098790275826774, 0.09499668525916802, 0.08290587184869501, 0.28036768221887004, 0.088585781111109, 0.08811156081054, 0.06523153960721, 0.008515300000000002, 0.008515300000000002, 0.06770394923690999, 0.008515300000000002, 0.063574656268928, 0.008515300000000002, 0.058612709574951995, 0.063543578105196, 0.059358916170400004, 0.045117439857334, 0.036935536110234, 0.044085841901208, 0.04301430048496, 0.008515300000000002, 0.02703909361926, 0.008515300000000002], "performance": [0.037887409372266, 0.08626487458830054, 0.03397561887293178, 5.374712198886115, 30.075162638231024, 0.30304838979618076, 12.175135266388354, 0.01728373571216762, 0.05239623196427546, 10.232564299946928, 14.446028390978281, 11.553725947093717, 8.773167375674964, 6.2196432798363634, 9.02112683746458, 8.400868620929897, 8.786630280198276, 5.785766212478697, 8.418186611651505, 9.670860484565551, 0.19438017808862867, 8.571460819966509, 8.88989563678573, 8.757037522641298, 6.3999999999999995, 6.3999999999999995, 8.513732012633586, 6.3999999999999995, 8.854941403358254, 6.3999999999999995, 9.003812105378719, 8.48441287186368, 4.010148691338478, 4.669454354373217, 4.6817720875611375, 4.797298154675932, 4.979077878411282, 6.3999999999999995, 2.015523181634351, 6.3999999999999995], "area": [2.8992, 2.8992, 1.4528, 0.0713, 0.10563600000000001, 0.2091, 0.035572, 3.0943500000000004, 1.4528, 0.076148, 0.060696, 0.07902600000000001, 0.06303600000000001, 0.060696, 0.074814, 0.058668000000000005, 0.077934, 0.056952, 0.077778, 0.07809, 0.2091, 0.07169400000000001, 0.07497000000000001, 0.0582, 0.2091, 0.2091, 0.05898, 0.2091, 0.056952, 0.2091, 0.051648, 0.053364, 0.05179999999999999, 0.045216, 0.033672, 0.042128, 0.042252, 0.2091, 0.2091, 0.2091], "hv": [0.0, 0.0, 0.0, 2800.4601329386974, 3210.1577833248084, 3228.7187378480116, 3237.494937361293, 3237.494937361293, 3237.494937361293, 3310.6460445724215, 3310.6460445724215, 3335.8611625621606, 3336.897672710559, 3337.2743021812557, 3339.698742246311, 3339.7038403794136, 3339.8783372664802, 3339.880204096477, 3340.183513657016, 3340.183513657016, 3340.1838189257314, 3340.553731356345, 3340.7976775006896, 3340.7976775006896, 3341.4252533318304, 3384.812385779217, 3384.812385779217, 3384.8128813096837, 3384.8128813096837, 3385.2783248451565, 3385.2783248451565, 3386.0647082210758, 3386.066115799654, 3388.917008254009, 3389.115599073842, 3389.927285053994, 3390.8002205081602, 3390.8037895374223, 3390.8037895374223, 3393.5553759979684], "param": [{"hd_dim": 8192, "npe1": 179, "npe2": 187, "reram_size": 128, "f1": 56, "d1": 64, "kron": false, "frequency": 844607761}, {"hd_dim": 8192, "npe1": 237, "npe2": 35, "reram_size": 128, "f1": 56, "d1": 32, "kron": false, "frequency": 370950519}, {"hd_dim": 4096, "npe1": 55, "npe2": 168, "reram_size": 128, "f1": 49, "d1": 64, "kron": false, "frequency": 941851865}, {"hd_dim": 2048, "npe1": 246, "npe2": 129, "reram_size": 128, "f1": 28, "d1": 32, "kron": true, "frequency": 392207047}, {"hd_dim": 8192, "npe1": 62, "npe2": 144, "reram_size": 64, "f1": 28, "d1": 32, "kron": true, "frequency": 275443232}, {"hd_dim": 1024, "npe1": 217, "npe2": 22, "reram_size": 256, "f1": 28, "d1": 128, "kron": false, "frequency": 211187395}, {"hd_dim": 1024, "npe1": 12, "npe2": 175, "reram_size": 128, "f1": 49, "d1": 128, "kron": true, "frequency": 841797629}, {"hd_dim": 4096, "npe1": 133, "npe2": 168, "reram_size": 64, "f1": 28, "d1": 32, "kron": false, "frequency": 925725796}, {"hd_dim": 4096, "npe1": 155, "npe2": 75, "reram_size": 128, "f1": 56, "d1": 64, "kron": false, "frequency": 610730940}, {"hd_dim": 8192, "npe1": 212, "npe2": 71, "reram_size": 128, "f1": 49, "d1": 128, "kron": true, "frequency": 814654055}, {"hd_dim": 4096, "npe1": 139, "npe2": 127, "reram_size": 128, "f1": 28, "d1": 32, "kron": true, "frequency": 289906671}, {"hd_dim": 4096, "npe1": 145, "npe2": 126, "reram_size": 64, "f1": 28, "d1": 32, "kron": true, "frequency": 362480469}, {"hd_dim": 4096, "npe1": 172, "npe2": 109, "reram_size": 128, "f1": 28, "d1": 64, "kron": true, "frequency": 477364653}, {"hd_dim": 4096, "npe1": 168, "npe2": 98, "reram_size": 128, "f1": 49, "d1": 64, "kron": true, "frequency": 671421143}, {"hd_dim": 4096, "npe1": 103, "npe2": 141, "reram_size": 64, "f1": 49, "d1": 64, "kron": true, "frequency": 462913345}, {"hd_dim": 4096, "npe1": 112, "npe2": 141, "reram_size": 128, "f1": 28, "d1": 64, "kron": true, "frequency": 498519878}, {"hd_dim": 4096, "npe1": 130, "npe2": 134, "reram_size": 64, "f1": 49, "d1": 64, "kron": true, "frequency": 475267522}, {"hd_dim": 4096, "npe1": 125, "npe2": 117, "reram_size": 128, "f1": 49, "d1": 128, "kron": true, "frequency": 732832929}, {"hd_dim": 4096, "npe1": 127, "npe2": 136, "reram_size": 64, "f1": 49, "d1": 64, "kron": true, "frequency": 496068832}, {"hd_dim": 4096, "npe1": 129, "npe2": 136, "reram_size": 64, "f1": 49, "d1": 64, "kron": true, "frequency": 431812661}, {"hd_dim": 1024, "npe1": 116, "npe2": 8, "reram_size": 256, "f1": 49, "d1": 128, "kron": false, "frequency": 329251679}, {"hd_dim": 4096, "npe1": 106, "npe2": 118, "reram_size": 64, "f1": 49, "d1": 64, "kron": true, "frequency": 487198167}, {"hd_dim": 4096, "npe1": 116, "npe2": 129, "reram_size": 64, "f1": 28, "d1": 64, "kron": true, "frequency": 471096644}, {"hd_dim": 4096, "npe1": 121, "npe2": 129, "reram_size": 128, "f1": 49, "d1": 64, "kron": true, "frequency": 476873599}, {"hd_dim": 1024, "npe1": 184, "npe2": 8, "reram_size": 256, "f1": 49, "d1": 128, "kron": false, "frequency": 10000000}, {"hd_dim": 1024, "npe1": 177, "npe2": 8, "reram_size": 256, "f1": 49, "d1": 128, "kron": false, "frequency": 10000000}, {"hd_dim": 4096, "npe1": 124, "npe2": 131, "reram_size": 128, "f1": 49, "d1": 64, "kron": true, "frequency": 490501697}, {"hd_dim": 1024, "npe1": 178, "npe2": 8, "reram_size": 256, "f1": 49, "d1": 128, "kron": false, "frequency": 10000000}, {"hd_dim": 4096, "npe1": 116, "npe2": 126, "reram_size": 128, "f1": 49, "d1": 64, "kron": true, "frequency": 471601088}, {"hd_dim": 1024, "npe1": 205, "npe2": 8, "reram_size": 256, "f1": 49, "d1": 128, "kron": false, "frequency": 10000000}, {"hd_dim": 4096, "npe1": 82, "npe2": 126, "reram_size": 128, "f1": 49, "d1": 64, "kron": true, "frequency": 463803548}, {"hd_dim": 4096, "npe1": 98, "npe2": 121, "reram_size": 128, "f1": 49, "d1": 64, "kron": true, "frequency": 492196698}, {"hd_dim": 2048, "npe1": 110, "npe2": 140, "reram_size": 128, "f1": 49, "d1": 64, "kron": true, "frequency": 530653640}, {"hd_dim": 1024, "npe1": 162, "npe2": 49, "reram_size": 256, "f1": 49, "d1": 128, "kron": true, "frequency": 440522563}, {"hd_dim": 1024, "npe1": 78, "npe2": 59, "reram_size": 256, "f1": 49, "d1": 128, "kron": true, "frequency": 439363549}, {"hd_dim": 2048, "npe1": 141, "npe2": 47, "reram_size": 128, "f1": 49, "d1": 128, "kron": true, "frequency": 456923862}, {"hd_dim": 2048, "npe1": 141, "npe2": 51, "reram_size": 256, "f1": 49, "d1": 128, "kron": true, "frequency": 440242160}, {"hd_dim": 1024, "npe1": 251, "npe2": 8, "reram_size": 256, "f1": 28, "d1": 128, "kron": false,