{
    "accuracy": [
        0.8942,
        0.8744400000000001,
        0.88628,
        0.90446,
        0.8976,
        0.88072,
        0.89878,
        0.91478,
        0.89582,
        0.88942,
        0.88902,
        0.90018,
        0.90086,
        0.8879999999999999,
        0.8904200000000001,
        0.8998200000000001,
        0.88338,
        0.89008,
        0.89036,
        0.8839199999999998,
        0.89272,
        0.87438,
        0.9036200000000001,
        0.9019,
        0.88056,
        0.89322,
        0.8938599999999999,
        0.9088,
        0.8901,
        0.86312,
        0.88154,
        0.8901199999999999,
        0.8771000000000001,
        0.8718600000000001,
        0.8958,
        0.8926999999999999,
        0.89856,
        0.89962,
        0.89314,
        0.8908799999999999
    ],
    "power": [
        0.078673186097244,
        0.098940634165284,
        0.119443198060341,
        0.042849659969372005,
        0.0755025802905195,
        0.0076244552493520005,
        0.084131924003328,
        0.048220591859436,
        0.01549413676845,
        0.0440143059600405,
        0.052996178653138,
        0.00113348,
        0.046963019784898,
        0.048818494164468006,
        0.00140382067266,
        0.019180360495668,
        0.095978906381025,
        0.012658938210200001,
        0.0287844705457245,
        0.0601681038422625,
        0.066250988280152,
        0.109561029176376,
        0.03052526416808,
        0.08597114963937899,
        0.1266255,
        0.093454253140184,
        0.105436562950017,
        0.06068939143832,
        0.052006619067151504,
        0.113578,
        0.072206190014696,
        0.089684757540948,
        0.101949320104496,
        0.0220983655696245,
        0.111066058001404,
        0.081371279084908,
        0.1126070184410235,
        0.02510162447629,
        0.048005747941792,
        0.060798790195308
    ],
    "performance": [
        3.0432531829086202,
        2.4149590915381225,
        2.234757259807733,
        5.58749880795166,
        3.5353302227939447,
        31.40190560110487,
        2.845797559444013,
        4.965149011399968,
        17.227584730214225,
        6.064540793675948,
        4.517729958739645,
        210.8,
        5.098105383695782,
        4.9043385728653,
        170.5505757700059,
        12.482686342317445,
        2.781096014371459,
        18.91331010740571,
        9.27328343858136,
        4.4363464519303815,
        3.613869471464595,
        2.185288197818657,
        7.843418575566724,
        3.1048387176357424,
        2.108,
        2.561921110651429,
        2.531631784379566,
        3.937056845311057,
        5.132549640562899,
        2.108,
        3.3091011165575894,
        2.664193900406171,
        2.34844551934821,
        12.079017932751833,
        2.151310565078123,
        2.936387220246068,
        2.3704255533574883,
        9.53812468297217,
        4.987369935164947,
        3.9379471734698566
    ],
    "area": [
        0.052236,
        0.052736,
        0.058311,
        0.052236,
        0.058311,
        0.052236,
        0.052236,
        0.052236,
        0.058311,
        0.058311,
        0.052236,
        0.052736,
        0.052236,
        0.052236,
        0.052236,
        0.052236,
        0.058311,
        0.052236,
        0.058311,
        0.058311,
        0.052236,
        0.052236,
        0.052236,
        0.058311,
        0.058311,
        0.052236,
        0.058311,
        0.052736,
        0.058311,
        0.052236,
        0.052736,
        0.052736,
        0.052236,
        0.058311,
        0.052736,
        0.052736,
        0.058311,
        0.052236,
        0.052236,
        0.052236
    ],
    "hv": [
        2794.3961662151114,
        2797.6568577016205,
        2798.760424643333,
        2949.356984837935,
        2949.5095120559376,
        2995.604411586924,
        2995.7495196213044,
        3095.0595499126825,
        3098.1242353710954,
        3098.1242353710954,
        3098.1242353710954,
        3098.15318955112,
        3104.542755012091,
        3104.5445969752486,
        3104.545324808235,
        3105.2996110561303,
        3105.817855344925,
        3105.8185131167047,
        3105.957531026755,
        3106.0878377390954,
        3106.0913603243434,
        3106.1137423821096,
        3106.3745345816437,
        3106.647408301361,
        3106.7578539566043,
        3107.167401188433,
        3107.209267849663,
        3107.2170642003166,
        3107.3639909201847,
        3107.3639909201847,
        3107.3668618487022,
        3107.3716845637978,
        3107.3736601189034,
        3107.375136988196,
        3107.3824316210844,
        3107.4715471409027,
        3107.472406107586,
        3107.497024812017,
        3107.5258101630848,
        3107.5258795392497
    ],
    "param": [
        {
            "reram_size": 256,
            "frequency": 692679798,
            "hd_dim": 2048,
            "npe1": 128,
            "npe2": 128,
            "f1": 28,
            "d1": 32,
            "kron": true
        },
        {
            "reram_size": 128,
            "frequency": 872892633,
            "hd_dim": 2048,
            "npe1": 128,
            "npe2": 128,
            "f1": 28,
            "d1": 32,
            "kron": true
        },
        {
            "reram_size": 64,
            "frequency": 943279182,
            "hd_dim": 2048,
            "npe1": 128,
            "npe2": 128,
            "f1": 28,
            "d1": 32,
            "kron": true
        },
        {
            "reram_size": 256,
            "frequency": 377270774,
            "hd_dim": 2048,
            "npe1": 128,
            "npe2": 128,
            "f1": 28,
            "d1": 32,
            "kron": true
        },
        {
            "reram_size": 64,
            "frequency": 596266789,
            "hd_dim": 2048,
            "npe1": 128,
            "npe2": 128,
            "f1": 28,
            "d1": 32,
            "kron": true
        },
        {
            "reram_size": 256,
            "frequency": 67129684,
            "hd_dim": 2048,
            "npe1": 128,
            "npe2": 128,
            "f1": 28,
            "d1": 32,
            "kron": true
        },
        {
            "reram_size": 256,
            "frequency": 740741376,
            "hd_dim": 2048,
            "npe1": 128,
            "npe2": 128,
            "f1": 28,
            "d1": 32,
            "kron": true
        },
        {
            "reram_size": 256,
            "frequency": 424559262,
            "hd_dim": 2048,
            "npe1": 128,
            "npe2": 128,
            "f1": 28,
            "d1": 32,
            "kron": true
        },
        {
            "reram_size": 64,
            "frequency": 122361900,
            "hd_dim": 2048,
            "npe1": 128,
            "npe2": 128,
            "f1": 28,
            "d1": 32,
            "kron": true
        },
        {
            "reram_size": 64,
            "frequency": 347594331,
            "hd_dim": 2048,
            "npe1": 128,
            "npe2": 128,
            "f1": 28,
            "d1": 32,
            "kron": true
        },
        {
            "reram_size": 256,
            "frequency": 466606021,
            "hd_dim": 2048,
            "npe1": 128,
            "npe2": 128,
            "f1": 28,
            "d1": 32,
            "kron": true
        },
        {
            "reram_size": 128,
            "frequency": 10000000,
            "hd_dim": 2048,
            "npe1": 128,
            "npe2": 128,
            "f1": 28,
            "d1": 32,
            "kron": true
        },
        {
            "reram_size": 256,
            "frequency": 413486941,
            "hd_dim": 2048,
            "npe1": 128,
            "npe2": 128,
            "f1": 28,
            "d1": 32,
            "kron": true
        },
        {
            "reram_size": 256,