{"accuracy": [0.90594, 0.92788, 0.8566600000000001, 0.89334, 0.93932, 0.80536, 0.8595600000000001, 0.91602, 0.8867200000000001, 0.9455, 0.91798, 0.91034, 0.9027799999999999, 0.92056, 0.9219199999999999, 0.9228999999999999, 0.92164, 0.9279, 0.82276, 0.94744, 0.79138, 0.80364, 0.94094, 0.9377600000000001, 0.74132, 0.85124, 0.8322200000000001, 0.75426, 0.94388, 0.9425600000000001, 0.74876, 0.9179999999999999, 0.83172, 0.8229599999999999, 0.83324, 0.9265799999999998, 0.9336399999999999, 0.94106, 0.81728, 0.9177199999999999], "power": [9.53840038122369, 4.189251786717509, 5.33004330774015, 0.05603069873442001, 0.08363503207801601, 0.17983240246435, 0.060025221733474, 9.842645295729582, 3.4561935698634, 0.15872230815187, 0.04091088466663199, 0.06892356994040001, 0.06902271589789799, 0.09566981196459401, 0.062011309555979985, 0.06682410101925601, 0.067497717996384, 0.100377443591166, 0.24833616613556003, 0.098719733975896, 0.11443091365458001, 0.40996886895162, 0.13800090819117, 0.096029615630322, 0.17252015566923, 0.004508100000000001, 0.004508100000000001, 0.17436543550497002, 0.10209605744078999, 0.072977169642188, 0.65780053171276, 0.10643399174136801, 0.04264423535457001, 0.004508100000000001, 0.004508100000000001, 0.073462772934909, 0.08485618233137399, 0.05965727021166601, 0.004508100000000001, 0.076888414122172], "performance": [0.037887409372266, 0.08626487458830054, 0.03397561887293178, 5.374712198886115, 30.075162638231024, 0.30304838979618076, 12.175135266388354, 0.01728373571216762, 0.05239623196427546, 10.232564299946928, 14.434621319290473, 11.741530229786346, 8.736205293515022, 6.205294520905975, 9.094881369838975, 8.557360103283985, 8.337273150925599, 7.812164525666527, 0.21945220806159607, 15.785384838866065, 0.25213326607783515, 0.2580441785019637, 11.901651297285387, 15.99259734530347, 0.16723750270268217, 6.3999999999999995, 6.3999999999999995, 0.16546765657106177, 15.343734667800494, 21.0089511489313, 0.08284870165443628, 5.785444047765313, 0.6765706961353235, 6.3999999999999995, 6.3999999999999995, 9.899121077887214, 18.0258947076677, 24.90266890739304, 6.3999999999999995, 6.917562575225801], "area": [2.8992, 2.8992, 1.4528, 0.0713, 0.10563600000000001, 0.2091, 0.035572, 3.0943500000000004, 1.4528, 0.076148, 0.060851999999999996, 0.07887, 0.062724, 0.060228, 0.057108, 0.058044000000000005, 0.057576, 0.075438, 0.2091, 0.072092, 0.1107, 0.4059, 0.078488, 0.070376, 0.1107, 0.1107, 0.1107, 0.1107, 0.072716, 0.069284, 0.2091, 0.064908, 0.1107, 0.1107, 0.1107, 0.06654600000000001, 0.069908, 0.065696, 0.1107, 0.052272], "hv": [0.0, 0.0, 0.0, 2800.4601329386974, 3210.1577833248084, 3228.7187378480116, 3237.494937361293, 3237.494937361293, 3237.494937361293, 3310.6460445724215, 3310.6460445724215, 3338.13348407316, 3338.1742719725203, 3338.477007654202, 3340.4411636840205, 3341.1512538955485, 3341.3132902963293, 3341.3200729228274, 3341.6414148523063, 3343.4742544381115, 3363.1766284075907, 3363.992822397275, 3363.992822397275, 3364.003234153056, 3364.032952171972, 3364.170567650814, 3409.1165025477444, 3409.1165025477444, 3409.134012402355, 3409.1368517822802, 3410.415350806943, 3410.576863085523, 3410.7731318324704, 3412.538977017602, 3412.538977017602, 3412.538977017602, 3412.5588958784524, 3412.5612513612928, 3413.8302674757315, 3413.8302674757315], "param": [{"hd_dim": 8192, "npe1": 179, "npe2": 187, "reram_size": 128, "f1": 56, "d1": 64, "kron": false, "frequency": 844607761}, {"hd_dim": 8192, "npe1": 237, "npe2": 35, "reram_size": 128, "f1": 56, "d1": 32, "kron": false, "frequency": 370950519}, {"hd_dim": 4096, "npe1": 55, "npe2": 168, "reram_size": 128, "f1": 49, "d1": 64, "kron": false, "frequency": 941851865}, {"hd_dim": 2048, "npe1": 246, "npe2": 129, "reram_size": 128, "f1": 28, "d1": 32, "kron": true, "frequency": 392207047}, {"hd_dim": 8192, "npe1": 62, "npe2": 144, "reram_size": 64, "f1": 28, "d1": 32, "kron": true, "frequency": 275443232}, {"hd_dim": 1024, "npe1": 217, "npe2": 22, "reram_size": 256, "f1": 28, "d1": 128, "kron": false, "frequency": 211187395}, {"hd_dim": 1024, "npe1": 12, "npe2": 175, "reram_size": 128, "f1": 49, "d1": 128, "kron": true, "frequency": 841797629}, {"hd_dim": 4096, "npe1": 133, "npe2": 168, "reram_size": 64, "f1": 28, "d1": 32, "kron": false, "frequency": 925725796}, {"hd_dim": 4096, "npe1": 155, "npe2": 75, "reram_size": 128, "f1": 56, "d1": 64, "kron": false, "frequency": 610730940}, {"hd_dim": 8192, "npe1": 212, "npe2": 71, "reram_size": 128, "f1": 49, "d1": 128, "kron": true, "frequency": 814654055}, {"hd_dim": 4096, "npe1": 140, "npe2": 127, "reram_size": 128, "f1": 28, "d1": 32, "kron": true, "frequency": 290135772}, {"hd_dim": 4096, "npe1": 143, "npe2": 127, "reram_size": 64, "f1": 28, "d1": 32, "kron": true, "frequency": 356682640}, {"hd_dim": 4096, "npe1": 171, "npe2": 108, "reram_size": 128, "f1": 28, "d1": 64, "kron": true, "frequency": 479384339}, {"hd_dim": 4096, "npe1": 162, "npe2": 101, "reram_size": 128, "f1": 49, "d1": 128, "kron": true, "frequency": 683287471}, {"hd_dim": 4096, "npe1": 100, "npe2": 143, "reram_size": 128, "f1": 49, "d1": 64, "kron": true, "frequency": 459159370}, {"hd_dim": 4096, "npe1": 113, "npe2": 136, "reram_size": 128, "f1": 28, "d1": 64, "kron": true, "frequency": 489403268}, {"hd_dim": 4096, "npe1": 116, "npe2": 130, "reram_size": 128, "f1": 49, "d1": 32, "kron": true, "frequency": 497045008}, {"hd_dim": 4096, "npe1": 119, "npe2": 129, "reram_size": 64, "f1": 49, "d1": 64, "kron": true, "frequency": 534550954}, {"hd_dim": 1024, "npe1": 135, "npe2": 13, "reram_size": 256, "f1": 49, "d1": 128, "kron": false, "frequency": 291635252}, {"hd_dim": 8192, "npe1": 121, "npe2": 136, "reram_size": 128, "f1": 49, "d1": 64, "kron": true, "frequency": 524029036}, {"hd_dim": 512, "npe1": 169, "npe2": 10, "reram_size": 256, "f1": 28, "d1": 128, "kron": false, "frequency": 253834018}, {"hd_dim": 2048, "npe1": 141, "npe2": 8, "reram_size": 256, "f1": 28, "d1": 128, "kron": false, "frequency": 248019546}, {"hd_dim": 8192, "npe1": 170, "npe2": 128, "reram_size": 128, "f1": 49, "d1": 64, "kron": true, "frequency": 695029605}, {"hd_dim": 8192, "npe1": 107, "npe2": 139, "reram_size": 128, "f1": 49, "d1": 64, "kron": true, "frequency": 517239309}, {"hd_dim": 512, "npe1": 208, "npe2": 8, "reram_size": 256, "f1": 49, "d1": 128, "kron": false, "frequency": 382689283}, {"hd_dim": 512, "npe1": 256, "npe2": 8, "reram_size": 256, "f1": 28, "d1": 128, "kron": false, "frequency": 10000000}, {"hd_dim": 512, "npe1": 247, "npe2": 8, "reram_size": 256, "f1": 28, "d1": 128, "kron": false, "frequency": 10000000}, {"hd_dim": 512, "npe1": 74, "npe2": 19, "reram_size": 256, "f1": 49, "d1": 128, "kron": false, "frequency": 386782537}, {"hd_dim": 8192, "npe1": 124, "npe2": 137, "reram_size": 128, "f1": 49, "d1": 64, "kron": true, "frequency": 539112555}, {"hd_dim": 8192, "npe1": 120, "npe2": 119, "reram_size": 128, "f1": 49, "d1": 64, "kron": true, "frequency": 396783254}, {"hd_dim": 1024, "npe1": 8, "npe2": 24, "reram_size": 256, "f1": 49, "d1": 128, "kron": false, "frequency": 772492492}, {"hd_dim": 4096, "npe1": 189, "npe2": 104, "reram_size": 128, "f1": 49, "d1": 64, "kron": true, "frequency": 721811492}, {"hd_dim": 512, "npe1": 169, "npe2": 55, "reram_size": 256, "f1": 28, "d1": 128, "kron": false, "frequency": 94594697}, {"hd_dim": 512, "npe1": 8, "npe2": 62, "reram_size": 256, "f1": 28, "d1": 128, "kron": false, "frequency": 10000000}, {"hd_dim": 512, "npe1": 137, "npe2": 48, "reram_size": 256, "f1": 28, "d1": 128, "kron": false, "frequency": 10000000}, {"hd_dim": 4096, "npe1": 68, "npe2": 123, "reram_size": 64, "f1": 28, "d1": 64, "kron": true, "frequency": 423067863}, {"hd_dim": 8192, "npe1": 114, "npe2": 129, "reram_size": 128, "f1": 49, "d1": 64, "kron": true, "frequency": 458895391}, {"hd_dim": 8192, "npe1": 120, "npe2": 96, "reram_size": 128, "f1": 49, "d1": 64, "kron": true, "frequency": 334743237}, {"hd_dim": 512, "npe1": 8, "npe2": 43, "reram_size": 256, "f1": 49, "d1": 128,