{
    "accuracy": [
        0.90594,
        0.92788,
        0.8566600000000001,
        0.89334,
        0.93932,
        0.80536,
        0.8595600000000001,
        0.91602,
        0.8867200000000001,
        0.9455,
        0.8370200000000001,
        0.8413000000000002,
        0.93234,
        0.8563000000000001,
        0.8582799999999999,
        0.9296,
        0.8569000000000001,
        0.8073600000000001,
        0.8751599999999999,
        0.9413199999999999,
        0.85128,
        0.8931000000000001,
        0.89968,
        0.9105400000000001,
        0.81448,
        0.9210800000000001,
        0.8025599999999999,
        0.9319200000000001,
        0.8781599999999999,
        0.80006,
        0.8618400000000002,
        0.88322,
        0.7532,
        0.8427199999999999,
        0.87348,
        0.8337999999999999,
        0.9156199999999999,
        0.8730800000000001,
        0.9217799999999998,
        0.85456
    ],
    "power": [
        9.53840038122369,
        4.189251786717509,
        5.33004330774015,
        0.05603069873442001,
        0.08363503207801601,
        0.17983240246435,
        0.060025221733474,
        9.842645295729582,
        3.4561935698634,
        0.15872230815187,
        1.69119205533265,
        0.099139839022732,
        0.13000106154826802,
        0.083638867170478,
        1.899837700282193,
        0.121211517239028,
        1.468672817309618,
        0.061552297913172,
        0.7322333704497351,
        0.15585325487241602,
        0.049159065079848,
        0.133994883123882,
        0.11590821328086,
        0.085581916601544,
        0.06670423554057,
        3.7387950486624155,
        4.384547477550501,
        3.7609989890060502,
        0.18907782570558,
        0.38174697818612996,
        4.01867364388014,
        0.6777580519116,
        0.036134935313712,
        0.70534543915989,
        1.58251101503472,
        0.21575267494783507,
        0.08914570915294,
        0.08445926140325,
        0.6920229276441001,
        0.11036867152036
    ],
    "performance": [
        0.037887409372266,
        0.08626487458830054,
        0.03397561887293178,
        5.374712198886115,
        30.075162638231024,
        0.30304838979618076,
        12.175135266388354,
        0.01728373571216762,
        0.05239623196427546,
        10.232564299946928,
        0.12321155326088241,
        1.2258287001266408,
        11.334114956076148,
        2.6165671703077096,
        0.022438990443061472,
        19.167718587486853,
        0.029026505765996545,
        1.0488557891221226,
        0.05821974485240483,
        11.353838823889614,
        10.065118268549666,
        2.509477393171207,
        0.7846263644805727,
        2.181200321431364,
        0.43253385285334844,
        0.045500670078414976,
        0.09504944401533168,
        0.09046409238464508,
        0.24049525548705333,
        0.06060307303524993,
        0.04506250968544715,
        0.1341845216644684,
        2.5743184591975994,
        0.06446815627554116,
        0.057468566813106636,
        0.09926291762166123,
        10.827215007556738,
        3.1053551220127957,
        0.6022181973345391,
        1.4759588364706329
    ],
    "area": [
        2.8992,
        2.8992,
        1.4528,
        0.0713,
        0.10563600000000001,
        0.2091,
        0.035572,
        3.0943500000000004,
        1.4528,
        0.076148,
        0.7995,
        0.052236,
        0.071088,
        0.057227999999999994,
        0.775425,
        0.089412,
        0.775425,
        0.063496,
        0.775425,
        0.09511199999999999,
        0.067868,
        0.07749900000000001,
        0.7296,
        0.036668,
        0.1107,
        3.0943500000000004,
        1.599,
        6.188700000000001,
        0.3648,
        0.1856,
        1.4528,
        0.7296,
        0.055554,
        0.3648,
        0.7296,
        0.38955000000000006,
        0.10383,
        0.05832,
        1.599,
        0.073608
    ],
    "hv": [
        0.0,
        0.0,
        0.0,
        2800.4601329386974,
        3210.1577833248084,
        3228.7187378480116,
        3237.494937361293,
        3237.494937361293,
        3237.494937361293,
        3310.6460445724215,
        3311.223356265092,
        3314.6563912511024,
        3315.0671187337393,
        3315.9611003379755,
        3316.0338456325776,
        3316.0707276578923,
        3316.49484117496,
        3316.7857379212064,
        3318.8208537314867,
        3318.852438594396,
        3327.2564473960915,
        3328.587726535291,
        3330.6829988015506,
        3334.379082987987,
        3334.5471493632467,
        3334.5471493632467,
        3334.5471493632467,
        3334.5471493632467,
        3334.8914341894942,
        3335.04675594847,
        3335.04675594847,
        3335.095504127856,
        3345.077836169303,
        3345.0822968554035,
        3345.0824067178205,
        3345.1489850705484,
        3345.1845689293777,
        3345.185091712469,
        3346.5959394825163,
        3346.601833850179
    ],
    "param": [
        {
            "hd_dim": 8192,
            "npe1": 179,
            "npe2": 187,
            "reram_size": 128,
            "f1": 56,
            "d1": 64,
            "kron": false,
            "frequency": 844607761
        },
        {
            "hd_dim": 8192,
            "npe1": 237,
            "npe2": 35,
            "reram_size": 128,
            "f1": 56,
            "d1": 32,
            "kron": false,
            "frequency": 370950519
        },
        {
            "hd_dim": 4096,
            "npe1": 55,
            "npe2": 168,
            "reram_size": 128,
            "f1": 49,
            "d1": 64,
            "kron": false,
            "frequency": 941851865
        },
        {
            "hd_dim": 2048,
            "npe1": 246,
            "npe2": 129,
            "reram_size": 128,
            "f1": 28,
            "d1": 32,
            "kron": true,
            "frequency": 392207047
        },
        {
            "hd_dim": 8192,
            "npe1": 62,
            "npe2": 144,
            "reram_size": 64,
            "f1": 28,
            "d1": 32,
            "kron": true,
            "frequency": 275443232
        },
        {
            "hd_dim": 1024,
            "npe1": 217,
            "npe2": 22,
            "reram_size": 256,
            "f1": 28,
            "d1": 128,
            "kron": false,
            "frequency": 211187395
        },
        {
            "hd_dim": 1024,
            "npe1": 12,
            "npe2": 175,
            "reram_size": 128,
            "f1": 49,
            "d1": 128,
            "kron": true,
            "frequency": 841797629
        },
        {
            "hd_dim": 4096,
            "npe1": 133,
            "npe2": 168,
            "reram_size": 64,
            "f1": 28,
            "d1": 32,
            "kron": false,
            "frequency": 925725796
        },
        {
            "hd_dim": 4096,
            "npe1": 155,
            "npe2": 75,
            "reram_size": 128,
            "f1": 56,
            "d1": 64,
            "kron": false,
            "frequency": 610730940
        },
        {
            "hd_dim": 8192,
            "npe1": 212,
            "npe2": 71,
            "reram_size": 128,
            "f1": 49,
            "d1": 128,
            "kron": true,
            "frequency": 814654055
        },
        {
            "hd_dim": 4096,
            "npe1": 252,
            "npe2": 148,
            "reram_size": 256,
            "f1": 56,
            "d1": 128,
            "kron": false,
            "frequency": 519431809
        },
        {
            "hd_dim": 1024,
            "npe1": 100,
            "npe2": 156,
            "reram_size": 256,
            "f1": 56,
            "d1": 32,
            "kron": true,
            "frequency": 872878894
        },
        {
            "hd_dim": 8192,
            "npe1": 236,